time,seconds_elapsed,relativeAltitude,pressure
1682880503204616000,0.162615966796875,0,983.7955322265625
1682880503229756000,0.187755859375,-0.885162353515625,983.8992919921875
1682880503254893600,0.2128935546875,-0.3910675048828125,983.84130859375
1682880503280027600,0.238027587890625,1.3792572021484375,983.6337890625
1682880503305168100,0.263168212890625,1.976409912109375,983.5635986328125
1682880503330306300,0.288306396484375,0.8058929443359375,983.700927734375
1682880503355442700,0.313442626953125,-0.4412689208984375,983.847412109375
1682880503380571000,0.33857080078125,-0.5733795166015625,983.8626708984375
1682880503405720800,0.363720947265625,-0.520538330078125,983.8565673828125
1682880503430858500,0.3888583984375,-0.3910675048828125,983.84130859375
1682880503455986000,0.41398583984375,-0.258941650390625,983.8260498046875
1682880503481126000,0.4391259765625,0.1294708251953125,983.7802734375
1682880503506260000,0.464260009765625,0.4940948486328125,983.737548828125
1682880503531402000,0.489402099609375,0.414825439453125,983.7467041015625
1682880503556536600,0.51453662109375,0.258941650390625,983.7650146484375
1682880503581682400,0.539682373046875,0.467681884765625,983.7406005859375
1682880503606831900,0.564831787109375,0.7556915283203125,983.70703125
1682880503631969500,0.589969482421875,0.7292633056640625,983.7100830078125
1682880503657108500,0.6151083984375,0.8058929443359375,983.700927734375
1682880503682245600,0.64024560546875,1.2233734130859375,983.652099609375
1682880503707387000,0.665386962890625,1.6646270751953125,983.6002197265625
1682880503732528600,0.690528564453125,1.743896484375,983.591064453125
1682880503757668000,0.715668212890625,1.71746826171875,983.5941162109375
1682880503782808300,0.740808349609375,1.92620849609375,983.5697021484375
1682880503807947800,0.76594775390625,2.238006591796875,983.5330200195312
1682880503833083400,0.79108349609375,2.238006591796875,983.5330200195312
1682880503858225700,0.8162255859375,1.976409912109375,983.5635986328125
1682880503883362300,0.8413623046875,1.976409912109375,983.5635986328125
1682880503908502300,0.866502197265625,2.0821075439453125,983.5513916015625
1682880503933631200,0.89163134765625,1.8469390869140625,983.578857421875
1682880503958780700,0.91678076171875,1.4056854248046875,983.6307373046875
1682880503983920400,0.94192041015625,1.093902587890625,983.6673583984375
1682880504009048000,0.967048095703125,0.9380035400390625,983.6856689453125
1682880504034187500,0.9921875,0.7292633056640625,983.7100830078125
1682880504059327000,1.017326904296875,0.7556915283203125,983.70703125
1682880504084465200,1.042465087890625,0.832305908203125,983.6978759765625
1682880504109602300,1.067602294921875,0.9617767333984375,983.6826171875
1682880504134750000,1.09275,1.067474365234375,983.67041015625
1682880504159881200,1.117881103515625,0.9617767333984375,983.6826171875
1682880504185024000,1.14302392578125,0.676422119140625,983.7161865234375
1682880504210165800,1.168165771484375,0.5733642578125,983.7283325195312
1682880504235302000,1.193302001953125,0.5971527099609375,983.725341796875
1682880504260438300,1.218438232421875,0.467681884765625,983.7406005859375
1682880504285575000,1.243574951171875,0.3117828369140625,983.7589111328125
1682880504310711600,1.268711669921875,0.3382110595703125,983.755859375
1682880504335841000,1.293841064453125,0.5733642578125,983.7283325195312
1682880504360978200,1.318978271484375,0.7556915283203125,983.70703125
1682880504386126300,1.344126220703125,0.7556915283203125,983.70703125
1682880504411254500,1.369254638671875,0.2853546142578125,983.761962890625
1682880504436403500,1.394403564453125,-0.1558990478515625,983.8138427734375
1682880504461530600,1.419530517578125,0.0264129638671875,983.79248046875
1682880504486679000,1.444678955078125,0.4940948486328125,983.737548828125
1682880504511818000,1.46981787109375,0.4940948486328125,983.737548828125
1682880504536955600,1.49495556640625,0.208740234375,983.7711181640625
1682880504562093800,1.52009375,0.0792694091796875,983.786376953125
1682880504587232000,1.54523193359375,0.0792694091796875,983.786376953125
1682880504612374300,1.570374267578125,0.18231201171875,983.774169921875
1682880504637508400,1.59550830078125,0.414825439453125,983.7467041015625
1682880504662638000,1.62063818359375,0.467681884765625,983.7406005859375
1682880504687774500,1.6457744140625,0.0792694091796875,983.786376953125
1682880504712912600,1.67091259765625,0.1294708251953125,983.7802734375
1682880504738051000,1.696051025390625,0.649993896484375,983.71923828125
1682880504763186200,1.721186279296875,0.9617767333984375,983.6826171875
1682880504788326700,1.74632666015625,0.7292633056640625,983.7100830078125
1682880504813465300,1.77146533203125,0.39105224609375,983.7496948242188
1682880504838608000,1.79660791015625,0.39105224609375,983.7496948242188
1682880504863754500,1.82175439453125,0.885162353515625,983.6917724609375
1682880504888893400,1.8468935546875,1.6381988525390625,983.603271484375
1682880504914030600,1.872030517578125,2.1085357666015625,983.54833984375
1682880504939171300,1.89717138671875,2.2644195556640625,983.530029296875
1682880504964310000,1.92231005859375,2.420318603515625,983.51171875
1682880504989440300,1.947440185546875,2.420318603515625,983.51171875
1682880505014589000,1.9725888671875,1.976409912109375,983.5635986328125
1682880505039726800,1.997726806640625,1.1705169677734375,983.658203125
1682880505064865000,2.022864990234375,0.39105224609375,983.7496948242188
1682880505090002200,2.048002197265625,-0.258941650390625,983.8260498046875
1682880505115126500,2.07312646484375,-0.7556915283203125,983.884033203125
1682880505140274200,2.098274169921875,-1.0912628173828125,983.9236450195312
1682880505165412000,2.123412109375,-1.1176910400390625,983.9267578125
1682880505190537200,2.148537109375,-0.98822021484375,983.9114990234375
1682880505215688000,2.17368798828125,-1.0410614013671875,983.9176025390625
1682880505240816600,2.198816650390625,-1.3000030517578125,983.9481201171875
1682880505265951500,2.223951416015625,-1.19696044921875,983.9359130859375
1682880505291090200,2.249090087890625,-0.93536376953125,983.9053955078125
1682880505316226600,2.2742265625,-0.9617919921875,983.908447265625
1682880505341364000,2.299364013671875,-1.0410614013671875,983.9176025390625
1682880505366521300,2.324521240234375,-0.77947998046875,983.8870849609375
1682880505391641300,2.349641357421875,-0.494110107421875,983.853515625
1682880505416793900,2.3747939453125,-0.520538330078125,983.8565673828125
1682880505441924900,2.3999248046875,-0.7556915283203125,983.884033203125
1682880505467051800,2.4250517578125,-1.0146331787109375,983.91455078125
1682880505492199000,2.450198974609375,-1.1705322265625,983.932861328125
1682880505517337300,2.47533740234375,-0.98822021484375,983.9114990234375
1682880505542474800,2.500474853515625,-0.41748046875,983.8443603515625
1682880505567611000,2.52561083984375,0.208740234375,983.7711181640625
1682880505592748800,2.550748779296875,0.7556915283203125,983.70703125
1682880505617887200,2.57588720703125,0.9617767333984375,983.6826171875
1682880505643014700,2.6010146484375,0.2853546142578125,983.761962890625
1682880505668162300,2.626162353515625,-0.9617919921875,983.908447265625
1682880505693300000,2.651300048828125,-1.2498016357421875,983.9420166015625
1682880505718438000,2.67643798828125,-0.258941650390625,983.8260498046875
1682880505743574800,2.70157470703125,0.7292633056640625,983.7100830078125
1682880505768712400,2.72671240234375,0.7556915283203125,983.70703125
1682880505793849900,2.751849853515625,0.208740234375,983.7711181640625
1682880505818976500,2.7769765625,-0.5469512939453125,983.859619140625
1682880505844125200,2.802125244140625,-1.4823150634765625,983.969482421875
1682880505869263600,2.827263671875,-2.0028533935546875,984.030517578125
1682880505894401300,2.8524013671875,-1.873382568359375,984.0152587890625
1682880505919528700,2.87752880859375,-1.4823150634765625,983.969482421875
1682880505944667000,2.9026669921875,-1.1705322265625,983.932861328125
1682880505969802000,2.927802001953125,-0.9617919921875,983.908447265625
1682880505994946800,2.95294677734375,-1.19696044921875,983.9359130859375
1682880506020095500,2.978095458984375,-1.56158447265625,983.9786376953125
1682880506045220400,3.003220458984375,-1.4321136474609375,983.96337890625
1682880506070360300,3.0283603515625,-0.8058929443359375,983.89013671875
1682880506095508500,3.053508544921875,-0.5469512939453125,983.859619140625
1682880506120648000,3.07864794921875,-0.8058929443359375,983.89013671875
1682880506145785300,3.103785400390625,-1.0410614013671875,983.9176025390625
1682880506170927400,3.12892724609375,-1.0410614013671875,983.9176025390625
1682880506196067000,3.154067138671875,-0.93536376953125,983.9053955078125
1682880506221206000,3.1792060546875,-0.885162353515625,983.8992919921875
1682880506246348300,3.204348388671875,-0.8058929443359375,983.89013671875
1682880506271492000,3.2294921875,-0.77947998046875,983.8870849609375
1682880506296627500,3.25462744140625,-0.911590576171875,983.90234375
1682880506321767400,3.279767333984375,-1.0912628173828125,983.9236450195312
1682880506346907400,3.304907470703125,-0.98822021484375,983.9114990234375
1682880506372037400,3.330037353515625,-0.77947998046875,983.8870849609375
1682880506397177600,3.355177490234375,-0.702850341796875,983.8779296875
1682880506422317600,3.380317626953125,-0.702850341796875,983.8779296875
1682880506447459000,3.405458984375,-0.676422119140625,983.8748779296875
1682880506472596700,3.4305966796875,-0.676422119140625,983.8748779296875
1682880506497742300,3.455742431640625,-0.676422119140625,983.8748779296875
1682880506522878500,3.48087841796875,-0.494110107421875,983.853515625
1682880506548020000,3.50602001953125,-0.3910675048828125,983.84130859375
1682880506573157000,3.5311572265625,-0.494110107421875,983.853515625
1682880506598297600,3.556297607421875,-0.5733795166015625,983.8626708984375
1682880506623462100,3.581462158203125,-0.5733795166015625,983.8626708984375
1682880506648588300,3.60658837890625,-0.520538330078125,983.8565673828125
1682880506673723000,3.631722900390625,-0.5469512939453125,983.859619140625
1682880506698880000,3.6568798828125,-0.702850341796875,983.8779296875
1682880506724022000,3.68202197265625,-0.729278564453125,983.8809814453125
1682880506749153800,3.70715380859375,-0.5971527099609375,983.86572265625
1682880506774299600,3.732299560546875,-0.5733795166015625,983.8626708984375
1682880506799445500,3.757445556640625,-0.6235809326171875,983.8687744140625
1682880506824580400,3.782580322265625,-0.5971527099609375,983.86572265625
1682880506849718800,3.80771875,-0.5733795166015625,983.8626708984375
1682880506874858000,3.83285791015625,-0.5971527099609375,983.86572265625
1682880506899998000,3.857998046875,-0.467681884765625,983.8504638671875
1682880506925138200,3.88313818359375,-0.3382110595703125,983.835205078125
1682880506950277000,3.908277099609375,-0.702850341796875,983.8779296875
1682880506975415600,3.93341552734375,-1.4823150634765625,983.969482421875
1682880507000554500,3.958554443359375,-1.873382568359375,984.0152587890625
1682880507025695200,3.9836953125,-1.5087432861328125,983.9725341796875
1682880507050835700,4.008835693359375,-1.0912628173828125,983.9236450195312
1682880507075977700,4.033977783203125,-0.911590576171875,983.90234375
1682880507101117700,4.05911767578125,-0.8587493896484375,983.896240234375
1682880507126258000,4.0842578125,-0.9617919921875,983.908447265625
1682880507151389400,4.109389404296875,-1.4321136474609375,983.96337890625
1682880507176531200,4.13453125,-2.238006591796875,984.0579833984375
1682880507201669600,4.159669677734375,-3.48516845703125,984.2044677734375
1682880507226809300,4.184809326171875,-4.8908538818359375,984.3692626953125
1682880507251958800,4.209958740234375,-5.1762237548828125,984.40283203125
1682880507277101800,4.235101806640625,-3.66748046875,984.225830078125
1682880507302238000,4.260238037109375,-1.638214111328125,983.98779296875
1682880507327377700,4.285377685546875,-0.3910675048828125,983.84130859375
1682880507352527600,4.310527587890625,-0.8323211669921875,983.8931884765625
1682880507377656800,4.33565673828125,-2.808746337890625,984.1251220703125
1682880507402799000,4.360799072265625,-4.26727294921875,984.2960205078125
1682880507427937800,4.385937744140625,-3.69390869140625,984.2288818359375
1682880507453078000,4.411078125,-2.0028533935546875,984.030517578125
1682880507478217700,4.4362177734375,-1.4823150634765625,983.969482421875
1682880507503357200,4.461357177734375,-2.3939056396484375,984.0762939453125
1682880507528480500,4.48648046875,-3.3556976318359375,984.189208984375
1682880507553627100,4.511627197265625,-3.7203216552734375,984.23193359375
1682880507578777900,4.53677783203125,-4.293701171875,984.299072265625
1682880507603917300,4.561917236328125,-5.5937042236328125,984.45166015625
1682880507629055700,4.5870556640625,-6.867279052734375,984.6011962890625
1682880507654196500,4.612196533203125,-7.4142303466796875,984.665283203125
1682880507679324700,4.63732470703125,-6.658538818359375,984.5767822265625
1682880507704464600,4.662464599609375,-5.488006591796875,984.439453125
1682880507729604600,4.6876044921875,-6.449798583984375,984.5523071289062
1682880507754747000,4.712746826171875,-9.258529663085938,984.8819580078125
1682880507779887600,4.7378876953125,-9.779067993164062,984.9429321289062
1682880507805027300,4.76302734375,-5.7495880126953125,984.469970703125
1682880507830170000,4.788170166015625,0.4940948486328125,983.737548828125
1682880507855310300,4.813310302734375,6.0375823974609375,983.0875244140625
1682880507880457000,4.83845703125,9.736785888671875,982.6541748046875
1682880507905598500,4.863598388671875,10.701202392578125,982.541259765625
1682880507930738700,4.88873876953125,9.24267578125,982.712158203125
1682880507955878000,4.9138779296875,7.6255950927734375,982.9013671875
1682880507981017900,4.939017822265625,6.63739013671875,983.017333984375
1682880508006156800,4.96415673828125,5.699371337890625,983.127197265625
1682880508031285200,4.98928515625,5.1022186279296875,983.1973876953125
1682880508056436200,5.014436279296875,4.5288543701171875,983.2645263671875
1682880508081564700,5.039564697265625,3.9052734375,983.3377075195312
1682880508106715400,5.06471533203125,3.3583221435546875,983.40185546875
1682880508131855600,5.089855712890625,2.9144287109375,983.4537353515625
1682880508156994600,5.11499462890625,2.5497894287109375,983.4964599609375
1682880508182133200,5.14013330078125,2.185150146484375,983.5391845703125
1682880508207271000,5.16527099609375,1.8733673095703125,983.5758056640625
1682880508232408800,5.190408935546875,1.6910552978515625,983.59716796875
1682880508257548000,5.215548095703125,1.6144256591796875,983.6063232421875
1682880508282687700,5.240687744140625,1.326416015625,983.639892578125
1682880508307827000,5.265826904296875,0.9617767333984375,983.6826171875
1682880508332966700,5.290966552734375,0.649993896484375,983.71923828125
1682880508358104300,5.316104248046875,0.623565673828125,983.7222900390625
1682880508383232300,5.341232177734375,0.5733642578125,983.7283325195312
1682880508408372000,5.3663720703125,0.5469512939453125,983.7314453125
1682880508433511700,5.39151171875,0.5971527099609375,983.725341796875
1682880508458647300,5.416647216796875,0.676422119140625,983.7161865234375
1682880508483792400,5.44179248046875,0.5733642578125,983.7283325195312
1682880508508920600,5.466920654296875,0.414825439453125,983.7467041015625
1682880508534067200,5.492067138671875,0.208740234375,983.7711181640625
1682880508559219200,5.51721923828125,-0.3646392822265625,983.8382568359375
1682880508584357000,5.542357177734375,-1.35284423828125,983.9542236328125
1682880508609496800,5.567496826171875,-1.873382568359375,984.0152587890625
1682880508634636500,5.592636474609375,-0.93536376953125,983.9053955078125
1682880508659774700,5.617774658203125,0.5469512939453125,983.7314453125
1682880508684914200,5.6429140625,1.1203155517578125,983.664306640625
1682880508710052600,5.668052490234375,0.7556915283203125,983.70703125
1682880508735193600,5.693193603515625,0.3117828369140625,983.7589111328125
1682880508760332000,5.71833203125,-0.0528564453125,983.8016357421875
1682880508785471700,5.7434716796875,-0.3910675048828125,983.84130859375
1682880508810607400,5.768607421875,-0.6500091552734375,983.871826171875
1682880508835751200,5.793751220703125,-0.8587493896484375,983.896240234375
1682880508860893000,5.818892822265625,-1.3000030517578125,983.9481201171875
1682880508886021400,5.844021484375,-1.4823150634765625,983.969482421875
1682880508911171300,5.86917138671875,-1.4823150634765625,983.969482421875
1682880508936299800,5.8942998046875,-3.173370361328125,984.1678466796875
1682880508961438000,5.91943798828125,-5.9583282470703125,984.494384765625
1682880508986577200,5.9445771484375,-6.0613861083984375,984.506591796875
1682880509011714000,5.969714111328125,-3.434967041015625,984.1983642578125
1682880509036852000,5.99485205078125,-0.6235809326171875,983.8687744140625
1682880509061992700,6.01999267578125,0.7028350830078125,983.713134765625
1682880509087134700,6.045134765625,0.5733642578125,983.7283325195312
1682880509112266500,6.0702666015625,-0.0528564453125,983.8016357421875
1682880509137415000,6.095414794921875,0.5469512939453125,983.7314453125
1682880509162553300,6.12055322265625,2.7849578857421875,983.468994140625
1682880509187692300,6.1456923828125,4.2408447265625,983.298095703125
1682880509212820700,6.17082080078125,3.6172637939453125,983.371337890625
1682880509237971000,6.195970947265625,2.629058837890625,983.4873046875
1682880509263110000,6.22110986328125,2.13494873046875,983.5452880859375
1682880509288249600,6.24624951171875,1.6646270751953125,983.6002197265625
1682880509313391000,6.27139111328125,1.6144256591796875,983.6063232421875
1682880509338531000,6.296531005859375,1.50872802734375,983.6185302734375
1682880509363671000,6.321671142578125,1.041046142578125,983.6734619140625
1682880509388811800,6.346811767578125,0.676422119140625,983.7161865234375
1682880509413949400,6.371949462890625,0.5205230712890625,983.7344970703125
1682880509439088400,6.39708837890625,0.5469512939453125,983.7314453125
1682880509464227300,6.422227294921875,0.4940948486328125,983.737548828125
1682880509489367800,6.447367919921875,0.39105224609375,983.7496948242188
1682880509514507500,6.472507568359375,0.4940948486328125,983.737548828125
1682880509539647200,6.497647216796875,0.2351531982421875,983.76806640625
1682880509564785200,6.52278515625,-0.5469512939453125,983.859619140625
1682880509589926100,6.547926025390625,-0.98822021484375,983.9114990234375
1682880509615063600,6.5730634765625,-0.520538330078125,983.8565673828125
1682880509640190700,6.598190673828125,-0.1294708251953125,983.810791015625
1682880509665330700,6.62333056640625,0.2853546142578125,983.761962890625
1682880509690476000,6.64847607421875,0.1558837890625,983.7772216796875
1682880509715608600,6.673608642578125,-1.2233734130859375,983.93896484375
1682880509740750800,6.698750732421875,-2.6290740966796875,984.103759765625
1682880509765881900,6.7238818359375,-1.6910552978515625,983.993896484375
1682880509791033600,6.74903369140625,0.5205230712890625,983.7344970703125
1682880509816171300,6.774171142578125,1.1203155517578125,983.664306640625
1682880509841300200,6.79930029296875,0.5971527099609375,983.725341796875
1682880509866448100,6.8244482421875,0.3382110595703125,983.755859375
1682880509891575800,6.849575927734375,0.1294708251953125,983.7802734375
1682880509916725200,6.874725341796875,-0.520538330078125,983.8565673828125
1682880509941863400,6.899863525390625,-0.5971527099609375,983.86572265625
1682880509967001300,6.92500146484375,-0.0792694091796875,983.8046875
1682880509992141000,6.95014111328125,0.2351531982421875,983.76806640625
1682880510017268500,6.9752685546875,-0.5971527099609375,983.86572265625
1682880510042419700,7.000419677734375,-0.285369873046875,983.8291015625
1682880510067559400,7.025559326171875,0.676422119140625,983.7161865234375
1682880510092689700,7.050689697265625,-1.9526519775390625,984.0244140625
1682880510117840400,7.07584033203125,-6.9465484619140625,984.6103515625
1682880510142970600,7.100970703125,-6.7906494140625,984.592041015625
1682880510168108300,7.1261083984375,-1.5087432861328125,983.9725341796875
1682880510193248500,7.15124853515625,1.6910552978515625,983.59716796875
1682880510218389200,7.17638916015625,0.7292633056640625,983.7100830078125
1682880510243527400,7.20152734375,0.414825439453125,983.7467041015625
1682880510268667100,7.226667236328125,1.249786376953125,983.6490478515625
1682880510293808000,7.25180810546875,0.5205230712890625,983.7344970703125
1682880510318953200,7.276953125,0,983.7955322265625
1682880510344081700,7.30208154296875,1.1203155517578125,983.664306640625
1682880510369226000,7.32722607421875,2.4731597900390625,983.505615234375
1682880510394364000,7.352364013671875,2.3410491943359375,983.5208740234375
1682880510419514400,7.377514404296875,1.3792572021484375,983.6337890625
1682880510444654000,7.402654052734375,0.649993896484375,983.71923828125
1682880510469793300,7.427793212890625,0.8058929443359375,983.700927734375
1682880510494932700,7.4529326171875,0.9882049560546875,983.6795654296875
1682880510520071700,7.47807177734375,0.858734130859375,983.69482421875
1682880510545211000,7.5032109375,0.3117828369140625,983.7589111328125
1682880510570348300,7.528348388671875,0.0528411865234375,983.7894287109375
1682880510595487700,7.55348779296875,0.208740234375,983.7711181640625
1682880510620626000,7.5786259765625,0.2853546142578125,983.761962890625
1682880510645764000,7.60376416015625,0.18231201171875,983.774169921875
1682880510670904000,7.628904052734375,-0.208740234375,983.8199462890625
1682880510696041200,7.654041259765625,-0.258941650390625,983.8260498046875
1682880510721180000,7.679179931640625,0.1294708251953125,983.7802734375
1682880510746320100,7.704320068359375,-0.5971527099609375,983.86572265625
1682880510771449000,7.729448974609375,-1.4823150634765625,983.969482421875
1682880510796599000,7.75459912109375,-1.638214111328125,983.98779296875
1682880510821726200,7.779726318359375,-2.4969482421875,984.0885009765625
1682880510846875000,7.804875,-4.0849609375,984.274658203125
1682880510872003300,7.83000341796875,-3.3556976318359375,984.189208984375
1682880510897134000,7.855134033203125,0,983.7955322265625
1682880510922280700,7.88028076171875,2.211578369140625,983.5361328125
1682880510947437600,7.9054375,1.8997955322265625,983.57275390625
1682880510972564500,7.930564453125,1.35284423828125,983.6368408203125
1682880510997711600,7.955711669921875,1.093902587890625,983.6673583984375
1682880511022848300,7.98084814453125,0.3382110595703125,983.755859375
1682880511047987700,8.00598779296875,0.0264129638671875,983.79248046875
1682880511073125600,8.031125732421875,-0.1823272705078125,983.81689453125
1682880511098264000,8.05626416015625,-0.885162353515625,983.8992919921875
1682880511123393800,8.081393798828126,-1.9262237548828125,984.0213623046875
1682880511148542000,8.1065419921875,-2.055694580078125,984.03662109375
1682880511173680600,8.1316806640625,-1.2498016357421875,983.9420166015625
1682880511198808000,8.15680810546875,-1.3264312744140625,983.951171875
1682880511223963600,8.181963623046874,-2.6792755126953125,984.10986328125
1682880511249097200,8.20709716796875,-3.1469573974609375,984.164794921875
1682880511274233900,8.23223388671875,-2.1349639892578125,984.0457763671875
1682880511299371800,8.257371826171875,-1.5087432861328125,983.9725341796875
1682880511324509400,8.282509521484375,-1.7174835205078125,983.9969482421875
1682880511349648600,8.307648681640625,-1.2498016357421875,983.9420166015625
1682880511374785000,8.332784912109375,-0.0528564453125,983.8016357421875
1682880511399915300,8.357915283203125,0.467681884765625,983.7406005859375
1682880511425051400,8.383051513671875,0.8058929443359375,983.700927734375
1682880511450191400,8.40819140625,1.4823150634765625,983.62158203125
1682880511475327000,8.433326904296875,2.0556793212890625,983.5543823242188
1682880511500466000,8.4584658203125,2.002838134765625,983.560546875
1682880511525604000,8.48360400390625,1.4321136474609375,983.627685546875
1682880511550734300,8.508734375,0.8058929443359375,983.700927734375
1682880511575892000,8.53389208984375,0.8058929443359375,983.700927734375
1682880511601019000,8.559018798828125,1.29998779296875,983.6429443359375
1682880511626152000,8.58415185546875,1.1969451904296875,983.6551513671875
1682880511651289000,8.6092890625,0.39105224609375,983.7496948242188
1682880511676436500,8.6344365234375,0.0264129638671875,983.79248046875
1682880511701569800,8.65956982421875,0.2853546142578125,983.761962890625
1682880511726715000,8.68471484375,0.3117828369140625,983.7589111328125
1682880511751863300,8.70986328125,-0.02642822265625,983.798583984375
1682880511776990700,8.73499072265625,-0.208740234375,983.8199462890625
1682880511802129700,8.760129638671875,-0.0528564453125,983.8016357421875
1682880511827268000,8.78526806640625,0.1294708251953125,983.7802734375
1682880511852405800,8.81040576171875,0.1030426025390625,983.7833251953125
1682880511877542400,8.83554248046875,-0.02642822265625,983.798583984375
1682880511902679300,8.86067919921875,-0.208740234375,983.8199462890625
1682880511927816200,8.885816162109375,-0.702850341796875,983.8779296875
1682880511952953900,8.910953857421875,-0.676422119140625,983.8748779296875
1682880511978091300,8.93609130859375,0.2853546142578125,983.761962890625
1682880512003228000,8.961227783203125,-0.1823272705078125,983.81689453125
1682880512028365800,8.98636572265625,-3.0438995361328125,984.152587890625
1682880512053504000,9.01150390625,-4.4496002197265625,984.3173828125
1682880512078640000,9.03664013671875,-1.8997955322265625,984.018310546875
1682880512103767800,9.061767822265624,0.9882049560546875,983.6795654296875
1682880512128906200,9.08690625,1.041046142578125,983.6734619140625
1682880512154044000,9.1120439453125,0.18231201171875,983.774169921875
1682880512179203800,9.137203857421875,0.623565673828125,983.7222900390625
1682880512204330000,9.162330078125,1.0146331787109375,983.676513671875
1682880512229476900,9.187476806640625,0.4940948486328125,983.737548828125
1682880512254610200,9.212610107421876,0.0264129638671875,983.79248046875
1682880512279747800,9.237747802734376,-0.285369873046875,983.8291015625
1682880512304887800,9.2628876953125,-0.9617919921875,983.908447265625
1682880512330026500,9.288026611328124,-1.56158447265625,983.9786376953125
1682880512355155500,9.313155517578124,-1.0674896240234375,983.920654296875
1682880512380301300,9.33830126953125,-1.56158447265625,983.9786376953125
1682880512405440800,9.363440673828125,-4.7085418701171875,984.347900390625
1682880512430579200,9.3885791015625,-7.1790618896484375,984.6378173828125
1682880512455718100,9.41371826171875,-5.514434814453125,984.4425048828125
1682880512480855000,9.43885498046875,-2.238006591796875,984.0579833984375
1682880512505994500,9.463994384765625,0.0528411865234375,983.7894287109375
1682880512531132200,9.489132080078125,1.1203155517578125,983.664306640625
1682880512556271400,9.514271240234375,0.9617767333984375,983.6826171875
1682880512581395700,9.539395751953125,-0.1558990478515625,983.8138427734375
1682880512606562300,9.564562255859375,-0.02642822265625,983.798583984375
1682880512631677000,9.589677001953126,1.743896484375,983.591064453125
1682880512656815600,9.614815673828126,2.6554718017578125,983.4842529296875
1682880512681946400,9.6399462890625,2.420318603515625,983.51171875
1682880512707091200,9.66509130859375,2.1587371826171875,983.542236328125
1682880512732228900,9.690228759765626,1.743896484375,983.591064453125
1682880512757368800,9.715368896484375,1.1705169677734375,983.658203125
1682880512782499600,9.74049951171875,1.1203155517578125,983.664306640625
1682880512807656000,9.765656005859375,1.093902587890625,983.6673583984375
1682880512832784400,9.790784423828125,0.8058929443359375,983.700927734375
1682880512857945000,9.815945068359374,0.467681884765625,983.7406005859375
1682880512883070700,9.84107080078125,0.5469512939453125,983.7314453125
1682880512908208400,9.86620849609375,0.676422119140625,983.7161865234375
1682880512933347300,9.891347412109376,0.7028350830078125,983.713134765625
1682880512958485000,9.916485107421876,0.5733642578125,983.7283325195312
1682880512983623400,9.94162353515625,0.5205230712890625,983.7344970703125
1682880513008761900,9.966761962890626,0.623565673828125,983.7222900390625
1682880513033900500,9.991900634765624,0.649993896484375,983.71923828125
1682880513059037000,10.017036865234376,0.441253662109375,983.74365234375
1682880513084174600,10.042174560546876,0.4940948486328125,983.737548828125
1682880513109313500,10.0673134765625,-0.311798095703125,983.8321533203125
1682880513134451700,10.09245166015625,-0.0792694091796875,983.8046875
1682880513159588900,10.1175888671875,0.3117828369140625,983.7589111328125
1682880513184724700,10.142724853515626,-2.264434814453125,984.06103515625
1682880513209862100,10.167862060546875,-5.670318603515625,984.4608154296875
1682880513234988300,10.19298828125,-4.11138916015625,984.2777099609375
1682880513260137200,10.21813720703125,1.14410400390625,983.6612548828125
1682880513285274400,10.2432744140625,3.279052734375,983.4110107421875
1682880513310409700,10.26840966796875,1.5879974365234375,983.609375
1682880513335535900,10.293535888671874,0.623565673828125,983.7222900390625
1682880513360671500,10.31867138671875,1.1705169677734375,983.658203125
1682880513385809000,10.343808837890625,0.7292633056640625,983.7100830078125
1682880513410968600,10.368968505859375,0.18231201171875,983.774169921875
1682880513436094500,10.394094482421876,-0.23516845703125,983.822998046875
1682880513461238800,10.41923876953125,-0.258941650390625,983.8260498046875
1682880513486369300,10.444369384765626,-0.311798095703125,983.8321533203125
1682880513511492000,10.4694921875,-0.702850341796875,983.8779296875
1682880513536647000,10.49464697265625,-2.082122802734375,984.0396728515625
1682880513561784000,10.5197841796875,-4.4733734130859375,984.3204345703125
1682880513586922200,10.544922119140624,-5.488006591796875,984.439453125
1682880513612060400,10.570060302734374,-3.5644378662109375,984.213623046875
1682880513637195800,10.59519580078125,-1.14410400390625,983.9298095703125
1682880513662323200,10.6203232421875,-0.258941650390625,983.8260498046875
1682880513687471600,10.6454716796875,-0.1823272705078125,983.81689453125
1682880513712607000,10.67060693359375,0.39105224609375,983.7496948242188
1682880513737744100,10.695744140625,0.676422119140625,983.7161865234375
1682880513762881800,10.7208818359375,0.2351531982421875,983.76806640625
1682880513788017200,10.74601708984375,0.2351531982421875,983.76806640625
1682880513813144800,10.771144775390624,1.041046142578125,983.6734619140625
1682880513838292700,10.796292724609375,1.95263671875,983.566650390625
1682880513863432700,10.8214326171875,1.92620849609375,983.5697021484375
1682880513888555800,10.8465556640625,1.4056854248046875,983.6307373046875
1682880513913692400,10.8716923828125,1.1969451904296875,983.6551513671875
1682880513938828000,10.896828125,1.093902587890625,983.6673583984375
1682880513963965200,10.921965087890625,0.5971527099609375,983.725341796875
1682880513989100000,10.94710009765625,0.258941650390625,983.7650146484375
1682880514014248700,10.972248779296875,0.1558837890625,983.7772216796875
1682880514039377700,10.997377685546875,0.1558837890625,983.7772216796875
1682880514064521000,11.02252099609375,0.1294708251953125,983.7802734375
1682880514089650000,11.04764990234375,0,983.7955322265625
1682880514114797000,11.072797119140626,-0.0792694091796875,983.8046875
1682880514139934200,11.097934326171876,-0.02642822265625,983.798583984375
1682880514165073400,11.123073486328124,0.0792694091796875,983.786376953125
1682880514190207200,11.148207275390625,-0.02642822265625,983.798583984375
1682880514215344600,11.1733447265625,0.1030426025390625,983.7833251953125
1682880514240481000,11.19848095703125,0.467681884765625,983.7406005859375
1682880514265618000,11.223617919921875,-0.285369873046875,983.8291015625
1682880514290753500,11.24875341796875,-0.5733795166015625,983.8626708984375
1682880514315890700,11.273890625,0.3117828369140625,983.7589111328125
1682880514341031200,11.29903125,-1.0410614013671875,983.9176025390625
1682880514366170000,11.324170166015625,-4.761383056640625,984.35400390625
1682880514391314400,11.349314453125,-5.1260223388671875,984.396728515625
1682880514416444700,11.374444580078125,-0.676422119140625,983.8748779296875
1682880514441574100,11.39957421875,2.7056884765625,983.4781494140625
1682880514466721800,11.4247216796875,2.029266357421875,983.5574951171875
1682880514491850800,11.449850830078125,0.676422119140625,983.7161865234375
1682880514516998100,11.474998046875,0.7292633056640625,983.7100830078125
1682880514542135800,11.5001357421875,0.7292633056640625,983.7100830078125
1682880514567260700,11.5252607421875,0.623565673828125,983.7222900390625
1682880514592400100,11.550400146484375,-0.0792694091796875,983.8046875
1682880514617537800,11.575537841796875,-1.5351715087890625,983.9755859375
1682880514642675700,11.60067578125,-2.96728515625,984.1434326171875
1682880514667822300,11.625822265625,-3.1205291748046875,984.1616821289062
1682880514692963000,11.650963134765625,-1.9526519775390625,984.0244140625
1682880514718098000,11.676097900390625,-0.311798095703125,983.8321533203125
1682880514743235800,11.70123583984375,0.676422119140625,983.7161865234375
1682880514768376300,11.726376220703125,0.18231201171875,983.774169921875
1682880514793501700,11.751501708984375,-1.9764251708984375,984.0274658203125
1682880514818639600,11.7766396484375,-4.11138916015625,984.2777099609375
1682880514843786000,11.801785888671875,-4.787811279296875,984.3569946289062
1682880514868922600,11.826922607421874,-4.3967437744140625,984.311279296875
1682880514894060000,11.85206005859375,-2.758544921875,984.1189575195312
1682880514919198000,11.877197998046874,-0.4412689208984375,983.847412109375
1682880514944334000,11.902333984375,0.5971527099609375,983.725341796875
1682880514969472500,11.927472412109376,-0.23516845703125,983.822998046875
1682880514994608600,11.952608642578125,-0.285369873046875,983.8291015625
1682880515019733200,11.977733154296875,1.6144256591796875,983.6063232421875
1682880515044870000,12.002869873046874,3.0438995361328125,983.4384765625
1682880515070017300,12.028017333984375,2.6554718017578125,983.4842529296875
1682880515095160300,12.053160400390626,1.976409912109375,983.5635986328125
1682880515120281000,12.078281005859376,1.820526123046875,983.5819091796875
1682880515145419300,12.103419189453126,1.53515625,983.615478515625
1682880515170557400,12.128557373046876,1.249786376953125,983.6490478515625
1682880515195696400,12.1536962890625,0.9882049560546875,983.6795654296875
1682880515220843300,12.17884326171875,0.8058929443359375,983.700927734375
1682880515245968600,12.20396875,0.3382110595703125,983.755859375
1682880515271113000,12.229113037109375,0.0528411865234375,983.7894287109375
1682880515296257000,12.254257080078125,0.0528411865234375,983.7894287109375
1682880515321388000,12.279387939453125,0.18231201171875,983.774169921875
1682880515346539800,12.304539794921874,0.1030426025390625,983.7833251953125
1682880515371669800,12.329669677734374,0,983.7955322265625
1682880515396818700,12.354818603515625,-0.02642822265625,983.798583984375
1682880515421958000,12.3799580078125,0.1558837890625,983.7772216796875
1682880515447096300,12.405096435546875,0.4940948486328125,983.737548828125
1682880515472225500,12.4302255859375,0.441253662109375,983.74365234375
1682880515497375700,12.455375732421874,-0.02642822265625,983.798583984375
1682880515522516000,12.480515869140625,-0.494110107421875,983.853515625
1682880515547656700,12.50565673828125,-0.3646392822265625,983.8382568359375
1682880515572802800,12.530802734375,0.1294708251953125,983.7802734375
1682880515597934600,12.5559345703125,-0.77947998046875,983.8870849609375
1682880515623074300,12.58107421875,-0.5469512939453125,983.859619140625
1682880515648212500,12.60621240234375,0.9380035400390625,983.6856689453125
1682880515673350700,12.6313505859375,-1.40570068359375,983.9603271484375
1682880515698484500,12.656484375,-7.1024322509765625,984.628662109375
1682880515723623000,12.681622802734376,-7.3349609375,984.6561279296875
1682880515748759800,12.706759765625,-0.729278564453125,983.8809814453125
1682880515773895400,12.7318955078125,3.72296142578125,983.3590698242188
1682880515799017500,12.757017578125,2.420318603515625,983.51171875
1682880515824161000,12.7821611328125,0.832305908203125,983.6978759765625
1682880515849298400,12.80729833984375,1.276214599609375,983.64599609375
1682880515874436400,12.832436279296875,0.208740234375,983.7711181640625
1682880515899584300,12.857584228515625,-1.664642333984375,983.9908447265625
1682880515924704800,12.882704833984375,-2.991058349609375,984.146484375
1682880515949858800,12.90785888671875,-3.0438995361328125,984.152587890625
1682880515974997000,12.9329970703125,-2.029266357421875,984.0335693359375
1682880516000132600,12.958132568359375,-0.77947998046875,983.8870849609375
1682880516025271300,12.983271240234375,0.0264129638671875,983.79248046875
1682880516050410000,13.008409912109375,0.208740234375,983.7711181640625
1682880516075548700,13.033548583984375,-0.311798095703125,983.8321533203125
1682880516100688000,13.05868798828125,-1.7439117431640625,984
1682880516125827600,13.08382763671875,-3.64105224609375,984.2227783203125
1682880516150966300,13.10896630859375,-4.8908538818359375,984.3692626953125
1682880516176105000,13.13410498046875,-4.787811279296875,984.3569946289062
1682880516201253600,13.159253662109375,-3.0703277587890625,984.1556396484375
1682880516226370000,13.1843701171875,-0.5469512939453125,983.859619140625
1682880516251513300,13.209513427734375,1.1705169677734375,983.658203125
1682880516276658000,13.234657958984375,1.326416015625,983.639892578125
1682880516301781000,13.259781005859375,1.067474365234375,983.67041015625
1682880516326925000,13.284925048828125,1.6646270751953125,983.6002197265625
1682880516352065300,13.310065185546875,2.4995880126953125,983.5025634765625
1682880516377201700,13.33520166015625,2.3410491943359375,983.5208740234375
1682880516402340400,13.36034033203125,1.56158447265625,983.6124267578125
1682880516427480300,13.385480224609376,1.067474365234375,983.67041015625
1682880516452617200,13.4106171875,1.2233734130859375,983.652099609375
1682880516477774000,13.435774169921874,1.4056854248046875,983.6307373046875
1682880516502886400,13.460886474609374,1.1203155517578125,983.664306640625
1682880516528048400,13.48604833984375,0.5733642578125,983.7283325195312
1682880516553182200,13.51118212890625,0.258941650390625,983.7650146484375
1682880516578317300,13.5363173828125,0.3117828369140625,983.7589111328125
1682880516603454500,13.561454345703124,0.467681884765625,983.7406005859375
1682880516628591600,13.586591552734374,0.414825439453125,983.7467041015625
1682880516653729300,13.611729248046874,0.1558837890625,983.7772216796875
1682880516678865700,13.63686572265625,0,983.7955322265625
1682880516704002600,13.66200244140625,-0.103057861328125,983.8077392578125
1682880516729138000,13.687137939453125,-0.1558990478515625,983.8138427734375
1682880516754275800,13.71227587890625,-0.1823272705078125,983.81689453125
1682880516779413800,13.737413818359375,-0.02642822265625,983.798583984375
1682880516804551000,13.762551025390625,-0.0792694091796875,983.8046875
1682880516829689000,13.787689208984375,-0.285369873046875,983.8291015625
1682880516854818000,13.812818115234375,-0.467681884765625,983.8504638671875
1682880516879966500,13.837966552734375,-0.3382110595703125,983.835205078125
1682880516905104600,13.863104736328125,-0.258941650390625,983.8260498046875
1682880516930231800,13.888231689453125,-0.676422119140625,983.8748779296875
1682880516955371000,13.91337109375,-0.1823272705078125,983.81689453125
1682880516980519700,13.938519775390626,-0.1558990478515625,983.8138427734375
1682880517005656000,13.963656005859375,-3.1469573974609375,984.164794921875
1682880517030783500,13.988783447265625,-6.0349578857421875,984.5035400390625
1682880517055920400,14.01392041015625,-3.90264892578125,984.2532958984375
1682880517081057000,14.03905712890625,0.8058929443359375,983.700927734375
1682880517106194000,14.06419384765625,2.446746826171875,983.5086669921875
1682880517131345200,14.08934521484375,1.14410400390625,983.6612548828125
1682880517156466400,14.114466552734376,0.623565673828125,983.7222900390625
1682880517181609000,14.13960888671875,0.9115753173828125,983.688720703125
1682880517206757000,14.164757080078125,0.467681884765625,983.7406005859375
1682880517231884300,14.18988427734375,-0.103057861328125,983.8077392578125
1682880517257032400,14.215032470703125,-0.911590576171875,983.90234375
1682880517282170000,14.240170166015625,-1.5880126953125,983.981689453125
1682880517307297000,14.265297119140625,-1.5351715087890625,983.9755859375
1682880517332447500,14.290447509765626,-1.2233734130859375,983.93896484375
1682880517357584600,14.315584716796875,-1.35284423828125,983.9542236328125
1682880517382723800,14.340723876953126,-1.7967529296875,984.006103515625
1682880517407863000,14.365863037109374,-2.1587371826171875,984.048828125
1682880517433000400,14.39100048828125,-2.4969482421875,984.0885009765625
1682880517458137000,14.41613720703125,-2.96728515625,984.1434326171875
1682880517483264500,14.441264404296875,-2.6026458740234375,984.1007080078125
1682880517508411600,14.46641162109375,-0.885162353515625,983.8992919921875
1682880517533549300,14.49154931640625,0.832305908203125,983.6978759765625
1682880517558678000,14.516677978515625,1.067474365234375,983.67041015625
1682880517583815200,14.541815185546875,0.7292633056640625,983.7100830078125
1682880517608953900,14.566953857421876,1.093902587890625,983.6673583984375
1682880517634092500,14.592092529296876,1.8469390869140625,983.578857421875
1682880517659232000,14.61723193359375,1.976409912109375,983.5635986328125
1682880517684371500,14.642371337890625,1.50872802734375,983.6185302734375
1682880517709507600,14.667507568359374,0.9380035400390625,983.6856689453125
1682880517734664200,14.692664306640625,0.5469512939453125,983.7314453125
1682880517759783700,14.71778369140625,0.5205230712890625,983.7344970703125
1682880517784916700,14.742916748046875,0.832305908203125,983.6978759765625
1682880517810068700,14.76806884765625,0.9882049560546875,983.6795654296875
1682880517835208000,14.7932080078125,0.7794647216796875,983.7039794921875
1682880517860345900,14.818345947265625,0.258941650390625,983.7650146484375
1682880517885486600,14.843486572265626,-0.1558990478515625,983.8138427734375
1682880517910623700,14.868623779296875,-0.23516845703125,983.822998046875
1682880517935762200,14.89376220703125,-0.0528564453125,983.8016357421875
1682880517960902700,14.918902587890624,0.1558837890625,983.7772216796875
1682880517986034700,14.94403466796875,0.0792694091796875,983.786376953125
1682880518011184000,14.96918408203125,-0.23516845703125,983.822998046875
1682880518036322800,14.99432275390625,-0.3382110595703125,983.835205078125
1682880518061448200,15.0194482421875,-0.0528564453125,983.8016357421875
1682880518086603800,15.044603759765625,0.1294708251953125,983.7802734375
1682880518111735000,15.069735107421875,-0.02642822265625,983.798583984375
1682880518136885800,15.0948857421875,0,983.7955322265625
1682880518162029600,15.120029541015626,0.208740234375,983.7711181640625
1682880518187170300,15.14517041015625,-0.02642822265625,983.798583984375
1682880518212301800,15.1703017578125,-0.3646392822265625,983.8382568359375
1682880518237451000,15.195450927734376,-0.3382110595703125,983.835205078125
1682880518262582500,15.22058251953125,-0.103057861328125,983.8077392578125
1682880518287722000,15.245721923828125,0.0264129638671875,983.79248046875
1682880518312861000,15.27086083984375,-1.0410614013671875,983.9176025390625
1682880518338012000,15.296011962890624,0,983.7955322265625
1682880518363147500,15.3211474609375,1.1969451904296875,983.6551513671875
1682880518388287500,15.34628759765625,-3.3028411865234375,984.18310546875
1682880518413431300,15.371431396484375,-9.987808227539062,984.9674072265625
1682880518438569700,15.39656982421875,-8.45263671875,984.787353515625
1682880518463716400,15.42171630859375,0.1030426025390625,983.7833251953125
1682880518488850700,15.4468505859375,4.555267333984375,983.261474609375
1682880518513991200,15.4719912109375,2.6554718017578125,983.4842529296875
1682880518539132400,15.49713232421875,1.041046142578125,983.6734619140625
1682880518564271600,15.522271728515625,1.4321136474609375,983.627685546875
1682880518589410800,15.547410888671875,0.832305908203125,983.6978759765625
1682880518614550800,15.57255078125,0.3382110595703125,983.755859375
1682880518639693000,15.597693115234375,-0.702850341796875,983.8779296875
1682880518664833800,15.622833740234375,-2.1851654052734375,984.0518798828125
1682880518689974800,15.647974853515626,-2.7056884765625,984.1129150390625
1682880518715114500,15.673114501953124,-1.5351715087890625,983.9755859375
1682880518740268500,15.6982685546875,-0.0528564453125,983.8016357421875
1682880518765411300,15.723411376953125,0.3646240234375,983.7528076171875
1682880518790542600,15.74854248046875,0.0792694091796875,983.786376953125
1682880518815682300,15.773682373046874,-0.258941650390625,983.8260498046875
1682880518840823600,15.798823486328125,-0.885162353515625,983.8992919921875
1682880518865964500,15.823964599609376,-1.5880126953125,983.981689453125
1682880518891105500,15.84910546875,-1.8997955322265625,984.018310546875
1682880518916245000,15.874244873046875,-1.664642333984375,983.9908447265625
1682880518941384700,15.899384765625,-0.8587493896484375,983.896240234375
1682880518966528500,15.924528564453125,0.623565673828125,983.7222900390625
1682880518991669800,15.949669677734375,1.743896484375,983.591064453125
1682880519016827000,15.974826904296876,1.4823150634765625,983.62158203125
1682880519041958400,15.99995849609375,0.676422119140625,983.7161865234375
1682880519067098600,16.0250986328125,0.414825439453125,983.7467041015625
1682880519092239000,16.050239013671874,0.623565673828125,983.7222900390625
1682880519117390300,16.075390380859375,0.7794647216796875,983.7039794921875
1682880519142514700,16.1005146484375,0.8058929443359375,983.700927734375
1682880519167654000,16.12565380859375,0.7292633056640625,983.7100830078125
1682880519192793000,16.15079296875,0.5205230712890625,983.7344970703125
1682880519217931300,16.17593115234375,0.39105224609375,983.7496948242188
1682880519243069200,16.201069091796874,0.441253662109375,983.74365234375
1682880519268207900,16.226207763671876,0.441253662109375,983.74365234375
1682880519293347600,16.25134765625,0.2351531982421875,983.76806640625
1682880519318486300,16.276486328125,-0.02642822265625,983.798583984375
1682880519343615500,16.301615478515625,-0.0528564453125,983.8016357421875
1682880519368756000,16.326755859375,-0.02642822265625,983.798583984375
1682880519393906200,16.35190625,-0.208740234375,983.8199462890625
1682880519419046700,16.377046630859375,-0.3910675048828125,983.84130859375
1682880519444187000,16.402186767578126,-0.1558990478515625,983.8138427734375
1682880519469326300,16.427326416015624,0.0528411865234375,983.7894287109375
1682880519494465500,16.452465576171875,-0.1558990478515625,983.8138427734375
1682880519519592700,16.4775927734375,-0.467681884765625,983.8504638671875
1682880519544736300,16.502736328125,-0.311798095703125,983.8321533203125
1682880519569874200,16.527874267578124,-0.02642822265625,983.798583984375
1682880519595024100,16.553024169921876,0.208740234375,983.7711181640625
1682880519620169700,16.578169677734376,-0.98822021484375,983.9114990234375
1682880519645296600,16.603296630859376,-0.23516845703125,983.822998046875
1682880519670439200,16.628439208984375,0.623565673828125,983.7222900390625
1682880519695578600,16.65357861328125,-2.5762176513671875,984.09765625
1682880519720727000,16.67872705078125,-6.9967498779296875,984.616455078125
1682880519745857800,16.70385791015625,-5.3849639892578125,984.42724609375
1682880519770996700,16.728996826171876,0.5469512939453125,983.7314453125
1682880519796137000,16.754136962890627,3.0703125,983.4354248046875
1682880519821264100,16.77926416015625,1.8733673095703125,983.5758056640625
1682880519846416600,16.804416748046876,1.067474365234375,983.67041015625
1682880519871542000,16.8295419921875,1.041046142578125,983.6734619140625
1682880519896691200,16.854691162109376,-0.1558990478515625,983.8138427734375
1682880519921842700,16.8798427734375,-0.1823272705078125,983.81689453125
1682880519946968300,16.90496826171875,-0.3910675048828125,983.84130859375
1682880519972099000,16.93009912109375,-1.40570068359375,983.9603271484375
1682880519997249800,16.955249755859374,-2.6290740966796875,984.103759765625
1682880520022378200,16.980378173828125,-3.199798583984375,984.1708984375
1682880520047518000,17.00551806640625,-3.8233795166015625,984.244140625
1682880520072659500,17.030659423828126,-5.4615936279296875,984.4364013671875
1682880520097801500,17.055801513671874,-6.4260101318359375,984.54931640625
1682880520122940200,17.080940185546876,-4.9674835205078125,984.37841796875
1682880520148081000,17.106080810546874,-1.7439117431640625,984
1682880520173220000,17.13122021484375,0.3382110595703125,983.755859375
1682880520198360300,17.1563603515625,0.2351531982421875,983.76806640625
1682880520223494000,17.181493896484376,-0.285369873046875,983.8291015625
1682880520248639000,17.206638916015624,0.5205230712890625,983.7344970703125
1682880520273776600,17.231776611328126,2.211578369140625,983.5361328125
1682880520298925600,17.256925537109375,2.9672698974609375,983.4476318359375
1682880520324064000,17.28206396484375,2.5762176513671875,983.493408203125
1682880520349203200,17.307203125,1.8997955322265625,983.57275390625
1682880520374344200,17.33234423828125,1.4823150634765625,983.62158203125
1682880520399483000,17.35748291015625,1.4056854248046875,983.6307373046875
1682880520424621300,17.382621337890626,1.71746826171875,983.5941162109375
1682880520449759500,17.407759521484376,1.50872802734375,983.6185302734375
1682880520474899000,17.43289892578125,0.9617767333984375,983.6826171875
1682880520500037000,17.458037109375,0.7556915283203125,983.70703125
1682880520525164300,17.483164306640624,0.7556915283203125,983.70703125
1682880520550313200,17.508313232421877,0.5205230712890625,983.7344970703125
1682880520575453000,17.533452880859375,0.2351531982421875,983.76806640625
1682880520600590800,17.5585908203125,0.414825439453125,983.7467041015625
1682880520625729000,17.58372900390625,0.5469512939453125,983.7314453125
1682880520650868700,17.60886865234375,0.2351531982421875,983.76806640625
1682880520676007700,17.634007568359376,-0.1558990478515625,983.8138427734375
1682880520701147600,17.659147705078126,-0.1823272705078125,983.81689453125
1682880520726289200,17.6842890625,-0.02642822265625,983.798583984375
1682880520751417000,17.7094169921875,0.1558837890625,983.7772216796875
1682880520776554500,17.734554443359375,0.0792694091796875,983.786376953125
1682880520801693400,17.759693359375,-0.103057861328125,983.8077392578125
1682880520826846500,17.784846435546875,0.0528411865234375,983.7894287109375
1682880520851970000,17.809969970703126,-0.520538330078125,983.8565673828125
1682880520877119700,17.83511962890625,-2.6290740966796875,984.103759765625
1682880520902259700,17.860259765625,-4.05853271484375,984.2716064453125
1682880520927399700,17.885399658203124,-2.1851654052734375,984.0518798828125
1682880520952529200,17.910529052734375,0.9115753173828125,983.688720703125
1682880520977677600,17.935677490234376,1.8733673095703125,983.5758056640625
1682880521002816800,17.960816650390626,1.0146331787109375,983.676513671875
1682880521027956200,17.985956298828125,0.5469512939453125,983.7314453125
1682880521053095400,18.011095458984375,0.7028350830078125,983.713134765625
1682880521078233600,18.036233642578125,0.5733642578125,983.7283325195312
1682880521103372000,18.0613720703125,0.2351531982421875,983.76806640625
1682880521128510500,18.086510498046874,-0.4412689208984375,983.847412109375
1682880521153648600,18.111648681640624,-1.3792724609375,983.957275390625
1682880521178776000,18.136776123046875,-2.1085357666015625,984.042724609375
1682880521203924500,18.161924560546876,-3.173370361328125,984.1678466796875
1682880521229062100,18.187062255859374,-5.0467529296875,984.3875732421875
1682880521254187800,18.212187744140625,-5.9583282470703125,984.494384765625
1682880521279326500,18.237326416015627,-4.26727294921875,984.2960205078125
1682880521304465000,18.26246484375,-1.638214111328125,983.98779296875
1682880521329603000,18.28760302734375,0.0528411865234375,983.7894287109375
1682880521354740000,18.312739990234373,0.649993896484375,983.71923828125
1682880521379877600,18.337877685546875,0.858734130859375,983.69482421875
1682880521405015000,18.36301513671875,0.832305908203125,983.6978759765625
1682880521430155500,18.388155517578124,1.4056854248046875,983.6307373046875
1682880521455296000,18.4132958984375,2.3674774169921875,983.517822265625
1682880521480429800,18.438429931640623,2.7056884765625,983.4781494140625
1682880521505582800,18.463582763671877,2.393890380859375,983.5147705078125
1682880521530700800,18.48870068359375,2.029266357421875,983.5574951171875
1682880521555852300,18.513852294921875,1.5879974365234375,983.609375
1682880521580990200,18.538990234375,0.832305908203125,983.6978759765625
1682880521606129400,18.56412939453125,0.623565673828125,983.7222900390625
1682880521631256800,18.5892568359375,0.7292633056640625,983.7100830078125
1682880521656406000,18.614406005859376,0.5733642578125,983.7283325195312
1682880521681534000,18.639533935546876,0.0792694091796875,983.786376953125
1682880521706684700,18.6646845703125,0,983.7955322265625
1682880521731814100,18.689814208984377,0.2351531982421875,983.76806640625
1682880521756964000,18.714964111328126,0.1558837890625,983.7772216796875
1682880521782103300,18.740103271484376,0.2351531982421875,983.76806640625
1682880521807232500,18.765232421875,-0.0528564453125,983.8016357421875
1682880521832369700,18.79036962890625,-1.2233734130859375,983.93896484375
1682880521857510100,18.81551025390625,-1.9526519775390625,984.0244140625
1682880521882648800,18.84064892578125,-0.6500091552734375,983.871826171875
1682880521907789600,18.86578955078125,0.9882049560546875,983.6795654296875
1682880521932925400,18.890925537109375,1.041046142578125,983.6734619140625
1682880521958063400,18.9160634765625,-0.02642822265625,983.798583984375
1682880521983201300,18.941201171875,0.0264129638671875,983.79248046875
1682880522008348400,18.966348388671875,0.39105224609375,983.7496948242188
1682880522033478400,18.991478515625,-1.2498016357421875,983.9420166015625
1682880522058614800,19.01661474609375,-3.876220703125,984.250244140625
1682880522083754000,19.04175390625,-4.0321197509765625,984.2685546875
1682880522108892400,19.066892333984374,-1.0410614013671875,983.9176025390625
1682880522134026000,19.09202587890625,1.4321136474609375,983.627685546875
1682880522159170300,19.11717041015625,1.4056854248046875,983.6307373046875
1682880522184309000,19.14230908203125,0.5733642578125,983.7283325195312
1682880522209448200,19.1674482421875,0.208740234375,983.7711181640625
1682880522234581500,19.19258154296875,-0.729278564453125,983.8809814453125
1682880522259724000,19.21772412109375,-2.1349639892578125,984.0457763671875
1682880522284862200,19.2428623046875,-3.017486572265625,984.1495361328125
1682880522310000000,19.268000244140627,-2.238006591796875,984.0579833984375
1682880522335135700,19.2931357421875,-0.7556915283203125,983.884033203125
1682880522360267500,19.318267578125,0.623565673828125,983.7222900390625
1682880522385404400,19.343404296875,1.326416015625,983.639892578125
1682880522410540500,19.36854052734375,-0.5971527099609375,983.86572265625
1682880522435679000,19.393678955078126,-4.734954833984375,984.3509521484375
1682880522460825000,19.4188251953125,-6.9465484619140625,984.6103515625
1682880522485961700,19.443961669921876,-5.5672760009765625,984.4486083984375
1682880522511087000,19.469087158203124,-2.8615875244140625,984.1312255859375
1682880522536223000,19.494222900390625,-1.2233734130859375,983.93896484375
1682880522561358800,19.51935888671875,-0.729278564453125,983.8809814453125
1682880522586495500,19.54449560546875,0.0264129638671875,983.79248046875
1682880522611633000,19.5696328125,1.820526123046875,983.5819091796875
1682880522636770000,19.59477001953125,3.9290618896484375,983.334716796875
1682880522661908000,19.619907958984374,4.4495849609375,983.273681640625
1682880522687051500,19.645051513671874,3.4085235595703125,983.395751953125
1682880522712184300,19.670184326171874,2.5233612060546875,983.49951171875
1682880522737340000,19.69533984375,1.8469390869140625,983.578857421875
1682880522762469000,19.72046923828125,1.3792572021484375,983.6337890625
1682880522787605200,19.745605224609374,1.3792572021484375,983.6337890625
1682880522812744400,19.770744384765624,1.1203155517578125,983.664306640625
1682880522837881600,19.795881591796874,0.5971527099609375,983.725341796875
1682880522863019500,19.82101953125,0.4940948486328125,983.737548828125
1682880522888156700,19.84615673828125,0.7028350830078125,983.713134765625
1682880522913293600,19.87129345703125,0.5733642578125,983.7283325195312
1682880522938429000,19.896428955078125,0.1294708251953125,983.7802734375
1682880522963565800,19.92156591796875,-0.1558990478515625,983.8138427734375
1682880522988691200,19.946691162109374,0.0264129638671875,983.79248046875
1682880523013838000,19.971838134765626,0.414825439453125,983.7467041015625
1682880523038975200,19.996975341796876,0.5733642578125,983.7283325195312
1682880523064112000,20.022112060546874,0.2853546142578125,983.761962890625
1682880523089248500,20.04724853515625,-0.729278564453125,983.8809814453125
1682880523114386200,20.07238623046875,-0.41748046875,983.8443603515625
1682880523139523800,20.09752392578125,0.7292633056640625,983.7100830078125
1682880523164662000,20.122662109375,-0.9617919921875,983.908447265625
1682880523189791700,20.147791748046874,-4.8380126953125,984.3631591796875
1682880523214927000,20.172927001953123,-5.0995941162109375,984.3936767578125
1682880523240064500,20.198064453125,-0.885162353515625,983.8992919921875
1682880523265202700,20.22320263671875,2.211578369140625,983.5360717773438
1682880523290358800,20.24835888671875,1.8733673095703125,983.5757446289062
1682880523315485700,20.273485595703125,0.9882049560546875,983.6795043945312
1682880523340632000,20.298632080078125,1.041046142578125,983.6734008789062
1682880523365762300,20.32376220703125,0.6262054443359375,983.7222290039062
1682880523390899000,20.34889892578125,0.132110595703125,983.7802124023438
1682880523416036600,20.37403662109375,-0.8323211669921875,983.8931274414062
1682880523441174300,20.39917431640625,-1.7439117431640625,983.9999389648438
1682880523466310000,20.424309814453125,-1.7676849365234375,984.0029907226562
1682880523491448600,20.449448486328127,-0.9617919921875,983.9083862304688
1682880523516582000,20.474581787109376,-0.5733795166015625,983.8626098632812
1682880523541721000,20.49972119140625,-1.064849853515625,983.9205322265625
1682880523566855700,20.524855712890623,-2.2882080078125,984.0640258789062
1682880523591993000,20.5499931640625,-3.5380096435546875,984.2105102539062
1682880523617128700,20.575128662109375,-4.2910614013671875,984.2990112304688
1682880523642266000,20.60026611328125,-4.05853271484375,984.2715454101562
1682880523667402800,20.62540283203125,-2.5762176513671875,984.0975952148438
1682880523692530400,20.650530517578126,-0.6235809326171875,983.8687133789062
1682880523717676000,20.675676025390626,1.041046142578125,983.6734008789062
1682880523742804700,20.7008046875,2.13494873046875,983.5452880859375
1682880523767938000,20.72593798828125,2.7849578857421875,983.468994140625
1682880523793079300,20.751079345703126,2.6819000244140625,983.481201171875
1682880523818218000,20.776218017578124,1.976409912109375,983.5635986328125
1682880523843354400,20.801354248046874,1.14410400390625,983.6612548828125
1682880523868491800,20.82649169921875,1.0146331787109375,983.676513671875
1682880523893635600,20.851635498046875,1.458526611328125,983.6246337890625
1682880523918762200,20.87676220703125,1.6144256591796875,983.6063232421875
1682880523943906800,20.90190673828125,1.067474365234375,983.67041015625
1682880523969041700,20.927041748046875,0.3646240234375,983.7528076171875
1682880523994188000,20.95218798828125,0.18231201171875,983.774169921875
1682880524019323000,20.977322998046876,0.39105224609375,983.7496948242188
1682880524044460800,21.002460693359374,0.441253662109375,983.74365234375
1682880524069598500,21.027598388671876,0.208740234375,983.7711181640625
1682880524094737700,21.052737548828127,0.0528411865234375,983.7894287109375
1682880524119875800,21.077875732421877,0.208740234375,983.7711181640625
1682880524145004000,21.103004150390625,0.2351531982421875,983.76806640625
1682880524170151000,21.12815087890625,-0.1558990478515625,983.8138427734375
1682880524195289000,21.1532890625,-0.1558990478515625,983.8138427734375
1682880524220426800,21.1784267578125,-0.41748046875,983.8443603515625
1682880524245566500,21.20356640625,0.0792694091796875,983.786376953125
1682880524270703900,21.228703857421873,0.5205230712890625,983.7344970703125
1682880524295840300,21.25384033203125,-1.40570068359375,983.9603271484375
1682880524320980000,21.27897998046875,-4.734954833984375,984.3509521484375
1682880524346118400,21.304118408203124,-4.552642822265625,984.32958984375
1682880524371246300,21.329246337890623,-0.676422119140625,983.8748779296875
1682880524396393000,21.35439306640625,1.743896484375,983.591064453125
1682880524421529000,21.379529052734377,1.1969451904296875,983.6551513671875
1682880524446663200,21.4046630859375,0.5205230712890625,983.7344970703125
1682880524471801600,21.429801513671876,0.8058929443359375,983.700927734375
1682880524496939800,21.454939697265626,0.2853546142578125,983.761962890625
1682880524522085000,21.480085205078126,-0.3382110595703125,983.835205078125
1682880524547219000,21.505218994140623,-0.8587493896484375,983.896240234375
1682880524572359400,21.530359375,-1.3264312744140625,983.951171875
1682880524597495300,21.555495361328123,-1.638214111328125,983.98779296875
1682880524622645000,21.58064501953125,-0.885162353515625,983.8992919921875
1682880524647784700,21.60578466796875,-0.23516845703125,983.822998046875
1682880524672924200,21.630924072265625,-2.264434814453125,984.06103515625
1682880524698062600,21.6560625,-5.8526458740234375,984.482177734375
1682880524723200500,21.681200439453125,-7.2054901123046875,984.640869140625
1682880524748341000,21.706341064453124,-5.514434814453125,984.4425048828125
1682880524773479700,21.731479736328126,-2.6026458740234375,984.1007080078125
1682880524798618600,21.75661865234375,-0.285369873046875,983.8291015625
1682880524823760400,21.781760498046875,0.7556915283203125,983.70703125
1682880524848889300,21.806889404296875,0.9617767333984375,983.6826171875
1682880524874041000,21.832041015625,1.820526123046875,983.5819091796875
1682880524899179500,21.857179443359374,3.2526397705078125,983.4140625
1682880524924320300,21.8823203125,3.4613800048828125,983.3896484375
1682880524949459000,21.907458984375,2.602630615234375,983.4903564453125
1682880524974588400,21.93258837890625,2.0556793212890625,983.5543823242188
1682880524999726600,21.9577265625,1.976409912109375,983.5635986328125
1682880525024871200,21.98287109375,1.7967376708984375,983.5849609375
1682880525050007000,22.008007080078126,1.743896484375,983.591064453125
1682880525075146800,22.033146728515625,1.4823150634765625,983.62158203125
1682880525100285000,22.058284912109375,0.9380035400390625,983.6856689453125
1682880525125443300,22.083443359375,0.5733642578125,983.7283325195312
1682880525150559200,22.108559326171875,0.5971527099609375,983.725341796875
1682880525175700700,22.13370068359375,0.832305908203125,983.6978759765625
1682880525200846800,22.158846923828126,0.9115753173828125,983.688720703125
1682880525225989600,22.18398974609375,0.8058929443359375,983.700927734375
1682880525251127800,22.2091279296875,0.649993896484375,983.71923828125
1682880525276264200,22.23426416015625,0.467681884765625,983.7406005859375
1682880525301388500,22.259388427734375,0.1294708251953125,983.7802734375
1682880525326541800,22.284541748046873,-0.103057861328125,983.8077392578125
1682880525351671300,22.30967138671875,0.2853546142578125,983.761962890625
1682880525376815900,22.33481591796875,-0.8323211669921875,983.8931884765625
1682880525401954000,22.3599541015625,-0.1558990478515625,983.8138427734375
1682880525427091500,22.385091552734377,1.0146331787109375,983.676513671875
1682880525452229400,22.4102294921875,-2.264434814453125,984.06103515625
1682880525477371100,22.43537109375,-7.6467437744140625,984.6927490234375
1682880525502510800,22.4605107421875,-6.087799072265625,984.5095825195312
1682880525527648800,22.485648681640626,1.14410400390625,983.6612548828125
1682880525552788700,22.510788818359377,4.26727294921875,983.2950439453125
1682880525577931000,22.535930908203124,2.13494873046875,983.5452880859375
1682880525603068400,22.561068359375,0.7028350830078125,983.713134765625
1682880525628210000,22.5862099609375,1.3792572021484375,983.6337890625
1682880525653348000,22.61134814453125,0.7794647216796875,983.7039794921875
1682880525678486800,22.63648681640625,0.676422119140625,983.7161865234375
1682880525703625000,22.661625,-0.3382110595703125,983.835205078125
1682880525728764400,22.686764404296873,-1.7439117431640625,984
1682880525753917400,22.71191748046875,-2.264434814453125,984.06103515625
1682880525779047000,22.737046875,-1.5351715087890625,983.9755859375
1682880525804190500,22.7621904296875,-0.0792694091796875,983.8046875
1682880525829325000,22.787324951171875,0.441253662109375,983.74365234375
1682880525854468400,22.81246826171875,-0.6500091552734375,983.871826171875
1682880525879607800,22.83760791015625,-1.9262237548828125,984.0213623046875
1682880525904746500,22.86274658203125,-2.1587371826171875,984.048828125
1682880525929886500,22.887886474609374,-1.5351715087890625,983.9755859375
1682880525955025000,22.91302490234375,-0.5733795166015625,983.8626708984375
1682880525980161800,22.938161865234374,0.7028350830078125,983.713134765625
1682880526005299500,22.963299560546876,2.0821075439453125,983.5513916015625
1682880526030438400,22.9884384765625,2.7321014404296875,983.47509765625
1682880526055576300,23.013576416015624,2.2908477783203125,983.5269775390625
1682880526080715300,23.03871533203125,1.95263671875,983.566650390625
1682880526105856300,23.063856201171873,1.56158447265625,983.6124267578125
1682880526130996000,23.088995849609375,0.1030426025390625,983.7833251953125
1682880526156135200,23.11413525390625,-2.2115936279296875,984.054931640625
1682880526181264100,23.13926416015625,-3.7731781005859375,984.238037109375
1682880526206404900,23.16440478515625,-3.3292694091796875,984.1861572265625
1682880526231546000,23.189546142578124,-2.264434814453125,984.06103515625
1682880526256687900,23.21468798828125,-2.1085357666015625,984.042724609375
1682880526281828900,23.239828857421877,-2.9144287109375,984.1373291015625
1682880526306968600,23.264968505859375,-3.7467498779296875,984.2349853515625
1682880526332118000,23.290117919921876,-3.9290618896484375,984.25634765625
1682880526357259500,23.315259521484375,-4.0321197509765625,984.2685546875
1682880526382398000,23.34039794921875,-4.370330810546875,984.3082275390625
1682880526407532300,23.3655322265625,-4.579071044921875,984.3326416015625
1682880526432678400,23.390678466796874,-4.05853271484375,984.2716064453125
1682880526457823000,23.415822998046874,-3.66748046875,984.225830078125
1682880526482963700,23.440963623046876,-4.0321197509765625,984.2685546875
1682880526508107800,23.466107666015624,-4.6319122314453125,984.3387451171875
1682880526533248000,23.491248046875,-5.43780517578125,984.433349609375
1682880526558387500,23.516387451171877,-6.8144378662109375,984.5950927734375
1682880526583530200,23.5415302734375,-8.193695068359375,984.7568359375
1682880526608672000,23.566672119140627,-8.8701171875,984.836181640625
1682880526633802000,23.591802001953123,-9.181915283203125,984.872802734375
1682880526658952700,23.61695263671875,-9.337799072265625,984.89111328125
1682880526684092000,23.642091796875,-8.999588012695312,984.8514404296875
1682880526709233200,23.667233154296873,-7.9083251953125,984.7232666015625
1682880526734374400,23.69237451171875,-6.2938995361328125,984.5340576171875
1682880526759511300,23.71751123046875,-4.552642822265625,984.32958984375
1682880526784651500,23.742651611328125,-3.1205291748046875,984.1616821289062
1682880526809792300,23.767792236328123,-2.8880157470703125,984.13427734375
1682880526834933000,23.79293310546875,-3.48516845703125,984.2044677734375
1682880526860072200,23.818072265625,-3.617279052734375,984.2197265625
1682880526885212200,23.843212158203126,-2.9382171630859375,984.1403198242188
1682880526910353200,23.868353271484374,-2.31463623046875,984.067138671875
1682880526935494100,23.893494140625,-2.1085357666015625,984.042724609375
1682880526960624000,23.9186240234375,-2.290863037109375,984.0640869140625
1682880526985764000,23.94376416015625,-2.9382171630859375,984.1403198242188
1682880527010926600,23.968926513671875,-3.7731781005859375,984.238037109375
1682880527036052200,23.99405224609375,-4.6054840087890625,984.3356323242188
1682880527061189000,24.019189208984375,-5.723175048828125,984.4669189453125
1682880527086331600,24.04433154296875,-7.8554840087890625,984.7171630859375
1682880527111464700,24.069464599609375,-10.481903076171875,985.025390625
1682880527136609300,24.094609375,-12.067276000976562,985.2115478515625
1682880527161750000,24.11975,-11.72906494140625,985.171875
1682880527186890000,24.144889892578124,-10.455490112304688,985.0223388671875
1682880527212029400,24.170029541015627,-9.779067993164062,984.9429321289062
1682880527237170700,24.195170654296874,-9.779067993164062,984.9429321289062
1682880527262309600,24.2203095703125,-8.89654541015625,984.8392333984375
1682880527287449900,24.245449951171874,-6.19085693359375,984.5218505859375
1682880527312587800,24.270587890625,-2.264434814453125,984.06103515625
1682880527337726700,24.295726806640626,1.8469390869140625,983.578857421875
1682880527362865400,24.320865478515625,5.3611602783203125,983.1668701171875
1682880527388005400,24.34600537109375,7.8105621337890625,982.8800048828125
1682880527413135000,24.371135009765624,8.878021240234375,982.7548828125
1682880527438284300,24.3962841796875,9.448760986328125,982.687744140625
1682880527463412200,24.421412109375,9.866241455078125,982.638916015625
1682880527488552200,24.44655224609375,9.6072998046875,982.66943359375
1682880527513692000,24.47169189453125,8.669281005859375,982.779296875
1682880527538831600,24.49683154296875,8.669281005859375,982.779296875
1682880527563971000,24.52197119140625,9.528045654296875,982.6785278320312
1682880527589109000,24.54710888671875,9.136962890625,982.7243041992188
1682880527614259700,24.572259765625,7.522552490234375,982.9135131835938
1682880527639392800,24.597392822265626,6.951812744140625,982.9806518554688
1682880527664538600,24.62253857421875,7.940032958984375,982.8646850585938
1682880527689665300,24.647665283203125,8.695709228515625,982.7761840820312
1682880527714817800,24.67281787109375,8.40771484375,982.8097534179688
1682880527739957500,24.69795751953125,7.5753936767578125,982.9074096679688
1682880527765097700,24.72309765625,6.6638031005859375,983.0142211914062
1682880527790237200,24.7482373046875,5.7786407470703125,983.117919921875
1682880527815390000,24.773389892578123,5.3373870849609375,983.1698608398438
1682880527840519400,24.79851953125,5.2845458984375,983.1759643554688
1682880527865658600,24.82365869140625,5.0758056640625,983.2003784179688
1682880527890798000,24.848798095703124,4.5288543701171875,983.2644653320312
1682880527915937500,24.8739375,3.8260040283203125,983.3468627929688
1682880527941075500,24.899075439453124,3.3847503662109375,983.3987426757812
1682880527966214700,24.924214599609375,3.4349517822265625,983.3926391601562
1682880527991353000,24.94935302734375,3.590850830078125,983.3743286132812
1682880528016493300,24.974493408203124,3.4613800048828125,983.3895874023438
1682880528041623300,24.999623291015624,3.09674072265625,983.432373046875
1682880528066773200,25.024773193359376,2.629058837890625,983.4873046875
1682880528091904000,25.049904052734377,1.1969451904296875,983.6551513671875
1682880528117052400,25.075052490234373,-1.4321136474609375,983.96337890625
1682880528142205200,25.100205078125,-4.370330810546875,984.3082275390625
1682880528167328300,25.125328369140625,-6.867279052734375,984.6011962890625
1682880528192461000,25.1504609375,-8.973175048828125,984.848388671875
1682880528217600800,25.175600830078125,-11.052642822265625,985.092529296875
1682880528242748200,25.200748046875,-13.261581420898438,985.3519287109375
1682880528267899600,25.225899658203126,-15.264419555664062,985.5869140625
1682880528293021200,25.251021240234376,-16.744094848632812,985.7608642578125
1682880528318155000,25.276155029296874,-18.770721435546875,985.9989013671875
1682880528343303400,25.301303466796874,-21.732711791992188,986.3468017578125
1682880528368445000,25.32644482421875,-25.54815673828125,986.79541015625
1682880528393582300,25.351582275390626,-30.090225219726562,987.3294677734375
1682880528418723000,25.37672314453125,-36.41847229003906,988.0740966796875
1682880528443862500,25.401862548828124,-44.9979248046875,989.084228515625
1682880528469001500,25.42700146484375,-54.03715515136719,990.1492919921875
1682880528494142000,25.452141845703125,-59.85807800292969,990.8359375
1682880528519280000,25.477280029296875,-60.63490295410156,990.9274291992188
1682880528544420000,25.502420166015625,-58.25421142578125,990.6466674804688
1682880528569556700,25.527556640625,-55.252593994140625,990.2926635742188
1682880528594694700,25.552694580078125,-52.301177978515625,989.9447631835938
1682880528619832000,25.57783203125,-48.779022216796875,989.5297241210938
1682880528644971800,25.6029716796875,-43.856475830078125,988.9498901367188
1682880528670100000,25.628099853515625,-37.81622314453125,988.23876953125
1682880528695248400,25.653248291015625,-31.125991821289062,987.4514770507812
1682880528720375800,25.678375732421873,-18.06787109375,985.9164428710938
1682880528745514200,25.70351416015625,9.033935546875,982.7365112304688
1682880528770653200,25.728653076171874,42.215606689453125,978.8546752929688
1682880528795789300,25.753789306640623,61.48834228515625,976.6055297851562
1682880528820930600,25.7789306640625,60.6507568359375,976.7031860351562
1682880528846067500,25.8040673828125,52.48876953125,977.6553344726562
1682880528871207700,25.829207763671874,47.20684814453125,978.2717895507812
1682880528896347000,25.854346923828125,43.54730224609375,978.6990356445312
1682880528921486800,25.87948681640625,39.575958251953125,979.1629028320312
1682880528946628000,25.904628173828126,35.76318359375,979.6084594726562
1682880528971766000,25.92976611328125,32.526397705078125,979.9868774414062
1682880528996904000,25.954904052734374,29.39263916015625,980.3531494140625
1682880529022045400,25.98004541015625,26.8111572265625,980.6552734375
1682880529047187200,26.005187255859376,24.6708984375,980.905517578125
1682880529072324000,26.030323974609374,22.45404052734375,981.1649169921875
1682880529097461200,26.055461181640624,20.369293212890625,981.4090576171875
1682880529122600000,26.080599853515626,18.77862548828125,981.59521484375
1682880529147740200,26.105740234375,17.42315673828125,981.75390625
1682880529172876500,26.13087646484375,15.938201904296875,981.9278564453125
1682880529198013000,26.156012939453124,14.7650146484375,982.065185546875
1682880529223151000,26.181151123046874,14.11236572265625,982.1414794921875
1682880529248299300,26.20629931640625,13.253631591796875,982.2421875
1682880529273428000,26.231427978515626,11.7686767578125,982.4161376953125
1682880529298573800,26.25657373046875,10.57171630859375,982.5564575195312
1682880529323715000,26.281715087890625,10.17803955078125,982.602294921875
1682880529348852700,26.306852783203126,9.919097900390625,982.6328125
1682880529373993200,26.3319931640625,9.16339111328125,982.7213134765625
1682880529399121700,26.35712158203125,7.7577056884765625,982.8861083984375
1682880529424264700,26.3822646484375,6.5079193115234375,983.0325927734375
1682880529449397200,26.407397216796873,5.908111572265625,983.102783203125
1682880529474535400,26.432535400390623,5.9873809814453125,983.0936279296875
1682880529499673900,26.457673828125,6.378448486328125,983.0478515625
1682880529524822000,26.482822021484374,7.3930816650390625,982.9288330078125
1682880529549941800,26.507941650390624,7.913604736328125,982.8677978515625
1682880529575099100,26.53309912109375,6.79327392578125,982.9990234375
1682880529600238300,26.55823828125,4.6847381591796875,983.2462158203125
1682880529625376500,26.58337646484375,3.2526397705078125,983.4140625
1682880529650505200,26.608505126953126,2.7321014404296875,983.47509765625
1682880529675654400,26.633654296875,2.837799072265625,983.462890625
1682880529700783000,26.658783203125,3.6172637939453125,983.371337890625
1682880529725933800,26.683933837890624,4.608123779296875,983.25537109375
1682880529751073500,26.709073486328126,5.02294921875,983.20654296875
1682880529776211000,26.7342109375,4.7375946044921875,983.2401123046875
1682880529801350100,26.75935009765625,4.0083160400390625,983.3255615234375
1682880529826491400,26.784491455078125,2.993682861328125,983.444580078125
1682880529851618800,26.809618896484373,2.4731597900390625,983.505615234375
1682880529876768000,26.83476806640625,2.5762176513671875,983.493408203125
1682880529901907500,26.859907470703124,2.4731597900390625,983.505615234375
1682880529927055600,26.8850556640625,1.92620849609375,983.5697021484375
1682880529952176600,26.9101767578125,1.53515625,983.615478515625
1682880529977316000,26.935316162109373,1.458526611328125,983.6246337890625
1682880530002454800,26.960454833984375,1.53515625,983.615478515625
1682880530027592000,26.985592041015625,1.1705169677734375,983.658203125
1682880530052732700,27.010732666015624,0.0792694091796875,983.786376953125
1682880530077871900,27.035871826171874,-1.7174835205078125,983.9969482421875
1682880530103004400,27.06100439453125,-3.173370361328125,984.1678466796875
1682880530128143600,27.0861435546875,-3.7731781005859375,984.238037109375
1682880530153296600,27.111296630859375,-4.0849609375,984.274658203125
1682880530178433000,27.13643310546875,-4.579071044921875,984.3326416015625
1682880530203567600,27.161567626953126,-4.8908538818359375,984.3692626953125
1682880530228718300,27.18671826171875,-5.1260223388671875,984.396728515625
1682880530253857300,27.211857177734377,-5.7760162353515625,984.4730224609375
1682880530278994700,27.23699462890625,-7.284759521484375,984.6500244140625
1682880530304134700,27.262134765625,-11.105484008789062,985.0986328125
1682880530329274000,27.287274169921876,-18.09429931640625,985.9194946289062
1682880530354413600,27.31241357421875,-25.651199340820312,986.8076171875
1682880530379551500,27.337551513671876,-28.4810791015625,987.1402587890625
1682880530404690000,27.36268994140625,-22.639007568359375,986.45361328125
1682880530429828000,27.387828125,-9.02337646484375,984.8543701171875
1682880530454961000,27.4129609375,5.908111572265625,983.1027221679688
1682880530480107500,27.438107421875,14.503448486328125,982.0956420898438
1682880530505245400,27.463245361328124,15.36480712890625,981.9949340820312
1682880530530385200,27.48838525390625,13.227203369140625,982.2451782226562
1682880530555516000,27.513515869140626,11.5599365234375,982.4404907226562
1682880530580666600,27.53866650390625,10.389404296875,982.5778198242188
1682880530605805000,27.56380517578125,9.554443359375,982.6754760742188
1682880530630946000,27.588946044921876,8.930877685546875,982.7486572265625
1682880530656082400,27.61408251953125,8.148773193359375,982.8402709960938
1682880530681210400,27.63921044921875,7.3666534423828125,982.9318237304688
1682880530706356000,27.66435595703125,6.9253997802734375,982.9837036132812
1682880530731488500,27.689488525390626,6.534332275390625,983.0294799804688
1682880530756649700,27.714649658203125,5.649169921875,983.1332397460938
1682880530781777200,27.739777099609373,4.790435791015625,983.2339477539062
1682880530806908000,27.764907958984374,4.5024261474609375,983.2675170898438
1682880530832056000,27.79005615234375,4.47601318359375,983.2705688476562
1682880530857205500,27.81520556640625,4.346527099609375,983.2858276367188
1682880530882344000,27.840343994140625,3.9052734375,983.3377075195312
1682880530907483600,27.865483642578123,3.3583221435546875,983.40185546875
1682880530932621800,27.890621826171873,3.0438995361328125,983.4384765625
1682880530957761000,27.915760986328124,2.9144287109375,983.4537353515625
1682880530982890000,27.940889892578124,2.9144287109375,983.4537353515625
1682880531008040700,27.966040771484376,2.7321014404296875,983.47509765625
1682880531033186000,27.99118603515625,2.4995880126953125,983.5025634765625
1682880531058317000,28.016317138671877,2.4731597900390625,983.505615234375
1682880531083457000,28.04145703125,2.420318603515625,983.51171875
1682880531108606700,28.066606689453124,2.13494873046875,983.5452880859375
1682880531133736400,28.091736328125,1.8733673095703125,983.5758056640625
1682880531158877000,28.116876953125,1.7967376708984375,983.5849609375
1682880531184017000,28.142016845703125,1.56158447265625,983.6124267578125
1682880531209148400,28.1671484375,1.249786376953125,983.6490478515625
1682880531234289000,28.192288818359376,0.9115753173828125,983.688720703125
1682880531259424800,28.2174248046875,0.7794647216796875,983.7039794921875
1682880531284567000,28.242567138671873,1.0146331787109375,983.676513671875
1682880531309707000,28.26770703125,1.2233734130859375,983.652099609375
1682880531334846700,28.2928466796875,1.093902587890625,983.6673583984375
1682880531360005400,28.31800537109375,0.885162353515625,983.6917724609375
