time,seconds_elapsed,z,y,x
1682933646039247400,0.163247314453125,-0.34926220774650574,-0.7162395119667053,0.58062744140625
1682933646056108000,0.18010791015625,-0.32589662075042725,-0.5132794976234436,0.5493205785751343
1682933646072993500,0.19699365234375,-0.2831360399723053,-0.45555275678634644,0.5059491395950317
1682933646089867500,0.213867431640625,-0.2672535479068756,-0.44944411516189575,0.5400048494338989
1682933646106740200,0.230740234375,-0.29993483424186707,-0.4415028691291809,0.5842925906181335
1682933646123599400,0.247599365234375,-0.3066543638706207,-0.4495968222618103,0.5476406812667847
1682933646140492300,0.2644921875,-0.2551889419555664,-0.4024074673652649,0.36300668120384216
1682933646157350700,0.2813505859375,-0.17577648162841797,-0.3911064863204956,0.09682214260101318
1682933646174226400,0.298226318359375,-0.08078692853450775,-0.32009339332580566,-0.03130684420466423
1682933646191100700,0.3151005859375,0.001679879380390048,-0.3500257730484009,-0.055741455405950546
1682933646207978000,0.33197802734375,0.0555887371301651,-0.3959933817386627,0.055894169956445694
1682933646224859400,0.348859375,0.05192354694008827,-0.3597996234893799,0.17898350954055786
1682933646241729500,0.3657294921875,0.044135015457868576,-0.2889392673969269,0.3536909818649292
1682933646258611700,0.38261181640625,-0.11774427443742752,-0.2344195395708084,0.38117989897727966
1682933646275484000,0.39948388671875,-0.4207334518432617,-0.006872233934700489,0.24816401302814484
1682933646292337700,0.416337646484375,-0.7444919943809509,0.20387627184391022,-0.06887505948543549
1682933646309230800,0.43323095703125,-0.9019425511360168,0.38957929611206055,-0.413097620010376
1682933646326100500,0.4501005859375,-0.8952230215072632,0.2967278063297272,-0.6224716901779175
1682933646342976800,0.466976806640625,-0.8593347072601318,0.013286318629980087,-0.4792237877845764
1682933646359845600,0.483845703125,-0.7481572031974792,-0.11789698898792267,-0.294437050819397
1682933646376725200,0.500725341796875,-0.7605272531509399,-0.20326541364192963,-0.23609942197799683
1682933646393588500,0.51758837890625,-1.020603060722351,-0.06719517707824707,-0.3859141170978546
1682933646410470700,0.534470703125,-1.4437800645828247,0.13988813757896423,-0.6394231915473938
1682933646427349000,0.551348876953125,-1.8771889209747314,0.37720927596092224,-0.9402743577957153
1682933646444217000,0.568217041015625,-2.2690589427948,0.40393465757369995,-1.1178834438323975
1682933646461097500,0.585097412109375,-2.5700628757476807,0.3568980097770691,-1.2160799503326416
1682933646477966600,0.601966552734375,-2.643213987350464,0.14233160018920898,-1.2043207883834839
1682933646494844700,0.6188447265625,-2.529592990875244,-0.025503624230623245,-0.9702067375183105
1682933646511715300,0.63571533203125,-2.635730743408203,-0.10995574295520782,-0.7968736886978149
1682933646528590300,0.65259033203125,-2.9796478748321533,-0.08506298810243607,-0.7026477456092834
1682933646545464600,0.669464599609375,-3.386636972427368,-0.20723603665828705,-0.5265658497810364
1682933646562338800,0.6863388671875,-3.5799758434295654,-0.5170974135398865,-0.2353358417749405
1682933646579207400,0.70320751953125,-3.601203441619873,-0.712574303150177,0.0507018156349659
1682933646596088000,0.720088134765625,-3.7281105518341064,-0.49327367544174194,0.007788531947880983
1682933646612954600,0.73695458984375,-3.7833938598632812,-0.2664899528026581,-0.0832303911447525
1682933646629834200,0.753834228515625,-3.64029860496521,-0.2837468981742859,0.00733038317412138
1682933646646696000,0.770696044921875,-3.5321755409240723,-0.3439171314239502,0.05054909735918045
1682933646663573500,0.787573486328125,-3.3493740558624268,-0.7226535677909851,0.17699819803237915
1682933646680446000,0.804446044921875,-2.975219249725342,-0.8139779567718506,0.4966334402561188
1682933646697330200,0.821330078125,-2.866332530975342,-0.7061602473258972,0.9624181985855103
1682933646714198800,0.83819873046875,-2.8376216888427734,-0.29184088110923767,1.1717922687530518
1682933646731082200,0.855082275390625,-2.81960129737854,-0.2802344262599945,1.0193814039230347
1682933646747952400,0.871952392578125,-2.604729413986206,-0.43157628178596497,0.7055493593215942
1682933646764825900,0.888825927734375,-2.350304126739502,-0.6152940392494202,0.5977316498756409
1682933646781699000,0.905698974609375,-2.0975584983825684,-0.5531384944915771,0.7565566301345825
1682933646798573800,0.92257373046875,-1.9926424026489258,-0.4902193546295166,0.9894489645957947
1682933646815448000,0.939447998046875,-1.9138407707214355,-0.28557950258255005,1.1546880006790161
1682933646832322000,0.956322021484375,-1.731955647468567,-0.4392121136188507,1.146135926246643
1682933646849195000,0.973195068359375,-1.6922494173049927,-0.9364564418792725,0.20173825323581696
1682933646866069500,0.990069580078125,-1.6555975675582886,-0.35674530267715454,-0.4665483236312866
1682933646882943700,1.00694384765625,-1.4911220073699951,-0.4938845634460449,-0.3929390609264374
1682933646899815000,1.02381494140625,-1.0997101068496704,-0.926224410533905,-0.024892758578062057
1682933646916673800,1.040673828125,-0.8709411025047302,-1.3739886283874512,-0.07223481684923172
1682933646933554200,1.05755419921875,-0.8029823899269104,-1.091310739517212,-0.7309002876281738
1682933646950443000,1.074443115234375,-0.7745771408081055,-0.7774787545204163,-1.2101240158081055
1682933646967307800,1.091307861328125,-1.0580185651779175,-0.6656904220581055,-1.4427109956741333
1682933646984187000,1.108186767578125,-1.2631165981292725,-0.7519751191139221,-1.9295705556869507
1682933647001051400,1.125051513671875,-1.1595749855041504,-0.8417723178863525,-2.391690254211426
1682933647017935600,1.141935546875,-1.0630582571029663,-0.9246972799301147,-2.3464860916137695
1682933647034809900,1.158809814453125,-1.0910053253173828,-1.55892813205719,-1.7075210809707642
1682933647051671000,1.175671142578125,-1.5500705242156982,-2.5274548530578613,-0.7531968355178833
1682933647068559000,1.19255908203125,-2.0470094680786133,-3.4943020343780518,-0.13209961354732513
1682933647085431800,1.209431884765625,-2.2371411323547363,-4.169765949249268,-0.2900082767009735
1682933647102295000,1.226294921875,-2.2398900985717773,-4.428925514221191,-1.3878858089447021
1682933647119176000,1.243176025390625,-2.323273181915283,-3.879910707473755,-1.8252654075622559
1682933647136056600,1.260056640625,-2.574338912963867,-3.793320417404175,-1.3796391487121582
1682933647152927500,1.276927490234375,-2.9946141242980957,-3.774078130722046,-1.0325149297714233
1682933647169802000,1.293802001953125,-3.142901659011841,-3.2427780628204346,-1.0418306589126587
1682933647186674700,1.3106748046875,-3.0188961029052734,-2.337170362472534,-1.3843733072280884
1682933647203539000,1.3275390625,-2.7617218494415283,-1.6771305799484253,-1.652695894241333
1682933647220423400,1.34442333984375,-2.9217684268951416,-1.6505578756332397,-1.8545868396759033
1682933647237297400,1.36129736328125,-3.2985196113586426,-1.8387043476104736,-1.8854355812072754
1682933647254160000,1.378159912109375,-3.3593006134033203,-1.923767328262329,-1.485318899154663
1682933647271045400,1.39504541015625,-2.9610166549682617,-1.8209892511367798,-0.9531024694442749
1682933647287906600,1.411906494140625,-2.786614418029785,-2.0173823833465576,-0.5288565754890442
1682933647304783400,1.428783447265625,-2.992017984390259,-2.2902865409851074,-0.43707409501075745
1682933647321656600,1.445656494140625,-3.378084897994995,-2.5943446159362793,-0.6783658266067505
1682933647338531600,1.462531494140625,-3.277902841567993,-2.919325113296509,-0.9439395070075989
1682933647355408400,1.479408447265625,-3.540422201156616,-3.1928398609161377,-0.7895433306694031
1682933647372279600,1.496279541015625,-4.126700401306152,-3.1163289546966553,-0.21563543379306793
1682933647389154000,1.513154052734375,-4.355469226837158,-2.6875016689300537,0.5902485251426697
1682933647406038800,1.530038818359375,-4.714657783508301,-2.682003974914551,1.725541591644287
1682933647422911700,1.546911865234375,-5.428759574890137,-3.2310190200805664,2.6390905380249023
1682933647439785200,1.56378515625,-6.191119194030762,-4.148080348968506,2.7453811168670654
1682933647456658400,1.580658447265625,-6.747464656829834,-4.956254959106445,2.2116377353668213
1682933647473522400,1.5975224609375,-7.347029209136963,-5.110345840454102,1.5154039859771729
1682933647490408400,1.614408447265625,-7.78043794631958,-4.467410087585449,1.2206615209579468
1682933647507281400,1.631281494140625,-7.912842750549316,-3.4518468379974365,1.765705943107605
1682933647524154600,1.648154541015625,-8.077470779418945,-2.62412428855896,2.7070493698120117
1682933647541029400,1.665029296875,-8.107097625732422,-2.7430903911590576,3.252246618270874
1682933647557903400,1.6819033203125,-7.860613822937012,-4.0074286460876465,3.3487632274627686
1682933647574775300,1.698775390625,-7.523263454437256,-5.769469738006592,3.612504243850708
1682933647591650300,1.715650390625,-7.265631198883057,-6.238308429718018,4.127922058105469
1682933647608515000,1.73251513671875,-6.984327793121338,-5.564371585845947,4.759251117706299
1682933647625399600,1.749399658203125,-6.643617630004883,-4.759556770324707,5.027726173400879
1682933647642273500,1.7662734375,-6.095519065856934,-4.1942009925842285,4.859738349914551
1682933647659145200,1.783145263671875,-5.692500591278076,-4.051563739776611,4.3760857582092285
1682933647676021500,1.800021484375,-5.474421501159668,-4.207487106323242,3.827681541442871
1682933647692896300,1.816896240234375,-5.077053546905518,-4.207334518432617,3.199406623840332
1682933647709769200,1.833769287109375,-4.608061790466309,-4.017508029937744,2.4547619819641113
1682933647726642000,1.850641845703125,-4.075540065765381,-3.8847975730895996,1.8118263483047485
1682933647743507500,1.867507568359375,-3.984063148498535,-3.427564859390259,1.3115277290344238
1682933647760391700,1.8843916015625,-4.311028957366943,-2.7459919452667236,0.7791585922241211
1682933647777265400,1.901265380859375,-4.307210922241211,-2.280359983444214,0.11881329119205475
1682933647794138400,1.918138427734375,-3.782630205154419,-1.8049540519714355,-0.5009095072746277
1682933647811013000,1.93501318359375,-3.332880735397339,-1.3581061363220215,-0.9873109459877014
1682933647827887000,1.95188720703125,-3.4626896381378174,-1.0494664907455444,-1.1684324741363525
1682933647844761600,1.96876171875,-3.467271089553833,-0.5056437253952026,-0.32986724376678467
1682933647861629200,1.985629150390625,-3.1477885246276855,0.39797869324684143,2.012953758239746
1682933647878506800,2.0025068359375,-3.2279646396636963,1.052673578262329,4.135252475738525
1682933647895381800,2.0193818359375,-2.870455741882324,0.9288206100463867,2.5271494388580322
1682933647912257300,2.03625732421875,-0.3159700334072113,0.9410378932952881,-1.4564554691314697
1682933647929130500,2.053130615234375,2.2907447814941406,1.739133358001709,-2.688265323638916
1682933647946002700,2.070002685546875,3.9322922229766846,2.922990083694458,-1.439045786857605
1682933647962882300,2.08688232421875,5.501452445983887,3.8256962299346924,-1.6435329914093018
1682933647979753200,2.103753173828125,7.200268745422363,3.844175100326538,-2.235614061355591
1682933647996626400,2.12062646484375,8.344419479370117,3.0140092372894287,-1.754252314567566
1682933648013491000,2.137490966796875,9.172599792480469,1.4624114036560059,0.11148291081190109
1682933648030375400,2.15437548828125,9.646173477172852,0.154396191239357,2.895043134689331
1682933648047249400,2.17124951171875,9.572869300842285,0.31459560990333557,4.960378646850586
1682933648064122400,2.188122314453125,9.026602745056152,1.021824836730957,5.55902624130249
1682933648080994600,2.20499462890625,8.511643409729004,2.1320724487304688,5.136002063751221
1682933648097874200,2.221874267578125,7.969653606414795,3.366783857345581,4.08699369430542
1682933648114745600,2.23874560546875,6.971499443054199,4.321260929107666,2.710409164428711
1682933648131617500,2.255617431640625,5.940969944000244,4.975497245788574,1.8301522731781006
1682933648148494300,2.272494384765625,5.545129299163818,5.176777362823486,1.3684908151626587
1682933648165367300,2.2893671875,5.414251327514648,5.250081539154053,0.43127086758613586
1682933648182237700,2.30623779296875,5.302004814147949,5.424025058746338,-0.8904888033866882
1682933648199114500,2.323114501953125,5.303379535675049,5.505423069000244,-2.1200077533721924
1682933648215988000,2.339988037109375,5.445711135864258,5.451361656188965,-3.0889928340911865
1682933648232855300,2.356855224609375,5.657986640930176,4.974886417388916,-3.311347723007202
1682933648249735400,2.3737353515625,5.902485370635986,4.322787761688232,-2.7484354972839355
1682933648266609700,2.390609619140625,5.986632347106934,4.581489562988281,-2.0534234046936035
1682933648283476500,2.4074765625,5.870567798614502,5.370421886444092,-1.7032450437545776
1682933648300358700,2.424358642578125,5.883090496063232,5.648059844970703,-1.29549241065979
1682933648317234700,2.441234619140625,5.668829441070557,4.059046745300293,-0.6491970419883728
1682933648334092000,2.458092041015625,4.427703857421875,2.8043296337127686,-0.5558874011039734
1682933648350981600,2.474981689453125,2.5244007110595703,2.7126998901367188,-1.5800029039382935
1682933648367855900,2.49185595703125,1.6528486013412476,2.1960606575012207,-2.3858869075775146
1682933648384726500,2.5087265625,0.5687155723571777,1.5966490507125854,-0.8431467413902283
1682933648401604900,2.52560498046875,-0.5410739183425903,0.34162637591362,2.85915470123291
1682933648418477800,2.542477783203125,-2.5776987075805664,-1.0742065906524658,4.0074286460876465
1682933648435351600,2.5593515625,-4.323704242706299,-1.3475687503814697,1.9437731504440308
1682933648452226000,2.57622607421875,-5.791918754577637,-0.14126259088516235,-1.4454598426818848
1682933648469088500,2.593088623046875,-6.981426239013672,-0.14767667651176453,-2.462397813796997
1682933648485973800,2.609973876953125,-7.722100257873535,-0.7130324840545654,-1.3251193761825562
1682933648502830600,2.62683056640625,-8.312043190002441,-0.8901833891868591,0.7728972434997559
1682933648519721700,2.6437216796875,-8.712924003601074,-1.252121090888977,2.905427932739258
1682933648536582400,2.66058251953125,-8.662679672241211,-1.0326677560806274,3.2934799194335938
1682933648553457400,2.67745751953125,-8.55684757232666,-0.4657847583293915,2.105347156524658
1682933648570344200,2.69434423828125,-8.69001579284668,-0.4031710624694824,1.109636664390564
1682933648587215600,2.711215576171875,-8.755683898925781,-0.6597344875335693,0.8223773241043091
1682933648604093400,2.728093505859375,-8.777523040771484,-0.47571131587028503,1.3116804361343384
1682933648620963000,2.744963134765625,-8.654585838317871,-0.6478226184844971,2.5256223678588867
1682933648637842400,2.761842529296875,-8.365799903869629,-1.2844969034194946,3.508504629135132
1682933648654713900,2.7787138671875,-8.052425384521484,-1.5989397764205933,3.480862855911255
1682933648671587300,2.79558740234375,-7.768526077270508,-1.5392277240753174,2.900846242904663
1682933648688462000,2.812462158203125,-7.512726306915283,-1.7964019775390625,2.6229026317596436
1682933648705336000,2.829336181640625,-7.375892639160156,-2.409252643585205,2.91123104095459
1682933648722210000,2.8462099609375,-7.319540023803711,-2.7232372760772705,3.3463199138641357
1682933648739083000,2.8630830078125,-7.008914947509766,-2.4164302349090576,3.1943671703338623
1682933648755955500,2.87995556640625,-6.635676383972168,-2.020589590072632,2.367408275604248
1682933648772842200,2.89684228515625,-6.0591721534729,-1.6294829845428467,1.2709051370620728
1682933648789705500,2.91370556640625,-5.262756824493408,-1.1545352935791016,0.8723155856132507
1682933648806579700,2.930579833984375,-4.852713584899902,-0.8000807762145996,2.1920900344848633
1682933648823454000,2.947453857421875,-4.999168395996094,-0.41401392221450806,4.461606979370117
1682933648840328400,2.964328369140625,-5.070181369781494,0.3098613917827606,4.2366557121276855
1682933648857192700,2.981192626953125,-3.2036826610565186,0.6969972252845764,2.0337231159210205
1682933648874077200,2.9980771484375,-1.0680978298187256,1.5755741596221924,0.5044219493865967
1682933648890941200,3.014941162109375,-0.28680121898651123,2.230268955230713,-0.30115658044815063
1682933648907826700,3.03182666015625,1.3235923051834106,2.0948095321655273,-1.98500657081604
1682933648924696600,3.048696533203125,4.1161627769470215,2.822502851486206,-3.645949125289917
1682933648941569000,3.065569091796875,7.005249977111816,3.258355140686035,-3.874565601348877
1682933648958449400,3.082449462890625,9.144194602966309,2.2038490772247314,-2.1198551654815674
1682933648975320600,3.099320556640625,9.708481788635254,0.4080579876899719,0.7748825550079346
1682933648992194300,3.1161943359375,9.429315567016602,-0.4193589985370636,3.0747902393341064
1682933649009063200,3.133063232421875,8.99269962310791,0.18631389737129211,3.9454259872436523
1682933649025947100,3.149947021484375,8.333881378173828,1.3950635194778442,3.3568572998046875
1682933649042816500,3.16681640625,8.029518127441406,2.269364356994629,2.1956024169921875
1682933649059688200,3.183688232421875,7.630470275878906,2.78340744972229,1.2527319192886353
1682933649076566300,3.200566162109375,6.979288101196289,3.2140674591064453,0.8307767510414124
1682933649093429500,3.217429443359375,6.479142189025879,3.3064608573913574,0.5254968404769897
1682933649110312400,3.2343125,6.216775417327881,3.3964107036590576,0.09239336848258972
1682933649127187200,3.251187255859375,6.046802520751953,3.679852247238159,-0.42180246114730835
1682933649144051500,3.268051513671875,6.021604061126709,4.144415378570557,-1.165683627128601
1682933649160934700,3.2849345703125,6.028323650360107,4.420984268188477,-1.974927306175232
1682933649177806300,3.301806396484375,5.76870584487915,4.360050678253174,-2.6403121948242188
1682933649194685700,3.318685791015625,5.758473873138428,4.123951435089111,-3.045774221420288
1682933649211556000,3.33555615234375,6.086203098297119,3.9880337715148926,-3.258049726486206
1682933649228431400,3.352431396484375,6.259078025817871,4.379751205444336,-3.6664133071899414
1682933649245304600,3.3693046875,6.466925144195557,5.018716335296631,-3.227659225463867
1682933649262176300,3.38617626953125,6.217691898345947,4.778493404388428,-2.487137794494629
1682933649279057400,3.403057373046875,5.291162014007568,4.076150894165039,-2.5022568702697754
1682933649295922200,3.419922119140625,4.505742073059082,3.13847279548645,-4.071722507476807
1682933649312803800,3.436803955078125,3.5471417903900146,3.391371011734009,-6.275418758392334
1682933649329675000,3.453675048828125,2.813950777053833,2.719572067260742,-6.736774444580078
1682933649346548200,3.47054833984375,1.874745488166809,1.552361249923706,-4.685489177703857
1682933649363411200,3.4874111328125,0.9111055135726929,1.5358679294586182,-1.867873191833496
1682933649380300300,3.50430029296875,-0.3623957931995392,1.7192802429199219,0.5842925906181335
1682933649397171500,3.52117138671875,-2.471255302429199,1.259145975112915,3.4573445320129395
1682933649414050300,3.53805029296875,-4.6268463134765625,0.9495900273323059,5.17387580871582
1682933649430907400,3.554907470703125,-5.722738265991211,1.129184365272522,4.075845718383789
1682933649447793400,3.57179345703125,-6.306572914123535,1.2185235023498535,2.468200922012329
1682933649464679000,3.588678955078125,-7.065114498138428,1.3130548000335693,2.292271852493286
1682933649481540600,3.60554052734375,-7.782728672027588,0.4482223689556122,3.330742835998535
1682933649498415600,3.62241552734375,-8.263479232788086,-1.1024590730667114,4.823086738586426
1682933649515276800,3.63927685546875,-8.695055961608887,-3.177415609359741,6.1819562911987305
1682933649532163600,3.65616357421875,-9.02079963684082,-4.378223896026611,6.698901176452637
1682933649549035500,3.673035400390625,-9.120065689086914,-4.089895725250244,5.873011112213135
1682933649565915400,3.689915283203125,-8.921839714050293,-3.209791421890259,4.247804164886475
1682933649582785500,3.70678564453125,-8.472089767456055,-2.727513313293457,2.736218214035034
1682933649599660000,3.723659912109375,-8.244848251342773,-2.8513662815093994,1.8043432235717773
1682933649616532700,3.74053271484375,-8.016690254211426,-3.1502320766448975,1.2822061777114868
1682933649633414000,3.757413818359375,-7.78074312210083,-3.0523409843444824,0.8573493957519531
1682933649650283300,3.774283203125,-7.763028144836426,-2.2397375106811523,0.3700316250324249
1682933649667144200,3.791144287109375,-7.641313552856445,-1.4953981637954712,-0.10064005106687546
1682933649684029200,3.808029296875,-7.4490437507629395,-1.2495248317718506,-0.5061018466949463
1682933649700904000,3.824904052734375,-7.274335861206055,-1.3646728992462158,-0.48640143871307373
1682933649717778000,3.84177783203125,-6.973637580871582,-0.9346238374710083,0.2880229651927948
1682933649734652400,3.85865234375,-6.5199174880981445,0.4205807149410248,2.1290180683135986
1682933649751525000,3.875525146484375,-6.241209983825684,1.3842206001281738,4.387997627258301
1682933649768400400,3.892400390625,-6.259536266326904,0.15775595605373383,4.813312530517578
1682933649785281500,3.909281494140625,-5.956089019775391,-0.34208452701568604,2.8209757804870605
1682933649802150000,3.92614990234375,-4.874094009399414,0.8132143616676331,0.23487769067287445
1682933649819016200,3.94301611328125,-1.3552045822143555,1.5050193071365356,-0.3698789179325104
1682933649835899100,3.959899169921875,1.849241852760315,1.9889771938323975,0.25213462114334106
1682933649852770600,3.9767705078125,3.523776054382324,2.3542747497558594,-0.2799290120601654
1682933649869642000,3.99364208984375,5.885686874389648,2.568382978439331,-1.2670872211456299
1682933649886520300,4.010520263671875,8.219955444335938,2.582585573196411,-1.8362609148025513
1682933649903385600,4.027385498046875,10.155634880065918,2.579684019088745,-1.7927367687225342
1682933649920256000,4.044256103515625,10.719005584716797,2.306016206741333,-1.1592695713043213
1682933649937140700,4.061140625,10.124632835388184,1.6714800596237183,0.03573561832308769
1682933649954014000,4.078013916015625,9.599288940429688,1.129489779472351,1.106735110282898
1682933649970888700,4.094888671875,9.268047332763672,1.5170838832855225,0.8793405294418335
1682933649987763000,4.111762939453125,8.640077590942383,2.6080892086029053,-0.38896843791007996
1682933650004637200,4.12863720703125,8.233699798583984,3.2788190841674805,-1.4167492389678955
1682933650021510000,4.145510009765625,7.952548980712891,3.300199508666992,-1.4883731603622437
1682933650038385000,4.162385009765625,7.522652626037598,2.6763534545898438,-0.7623597979545593
1682933650055259000,4.1792587890625,6.919423580169678,2.110539436340332,-0.2574796974658966
1682933650072140000,4.19614013671875,6.496399402618408,2.2284364700317383,-0.6418666839599609
1682933650089007600,4.213007568359375,6.364452362060547,2.766608715057373,-1.505935549736023
1682933650105875500,4.22987548828125,6.355442047119141,3.2232303619384766,-2.1668918132781982
1682933650122755000,4.246755126953125,6.409961700439453,3.367241859436035,-2.6959011554718018
1682933650139626800,4.263626708984375,6.412863254547119,3.1444287300109863,-3.3067662715911865
1682933650156502300,4.280502197265625,6.455318450927734,3.1610748767852783,-3.654195785522461
1682933650173372200,4.2973720703125,6.740134239196777,3.2093331813812256,-3.3954944610595703
1682933650190254800,4.3142548828125,6.797402858734131,3.269198179244995,-2.8154778480529785
1682933650207122200,4.3311220703125,5.951507568359375,3.5158348083496094,-3.2905783653259277
1682933650223999000,4.3479990234375,4.71633768081665,3.2511775493621826,-4.51612663269043
1682933650240873700,4.364873779296875,3.972762107849121,1.9775235652923584,-5.297423362731934
1682933650257747700,4.381747802734375,2.953533411026001,1.2209669351577759,-5.844911575317383
1682933650274622000,4.3986220703125,1.7499761581420898,1.1658363342285156,-5.32842493057251
1682933650291492000,4.4154921875,0.16890424489974976,1.9941695928573608,-3.6476290225982666
1682933650308372500,4.43237255859375,-1.4326317310333252,2.0062341690063477,-1.2113457918167114
1682933650325244200,4.449244140625,-2.548224449157715,0.8924741148948669,1.3811663389205933
1682933650342118100,4.4661181640625,-4.571715354919434,0.06841690838336945,3.7667477130889893
1682933650358985200,4.482985107421875,-6.04664945602417,1.8671096563339233,3.980397939682007
1682933650375863600,4.499863525390625,-6.574131965637207,3.685655355453491,2.194533348083496
1682933650392736800,4.51673681640625,-7.0192999839782715,3.5405750274658203,1.9763017892837524
1682933650409614000,4.533614013671875,-7.797236919403076,2.4917192459106445,3.5080463886260986
1682933650426490600,4.55049072265625,-8.645881652832031,0.5937610268592834,5.9881591796875
1682933650443353600,4.567353515625,-9.587987899780273,-1.5490015745162964,7.836637496948242
1682933650460236500,4.584236572265625,-10.002918243408203,-3.0274481773376465,8.111985206604004
1682933650477097500,4.601097412109375,-9.914190292358398,-3.4544429779052734,6.973179340362549
1682933650493974300,4.617974365234375,-9.816604614257812,-2.9095511436462402,5.056131839752197
1682933650510861000,4.634861083984375,-9.568745613098145,-1.9892827272415161,3.0631837844848633
1682933650527732700,4.651732666015625,-8.92336654663086,-1.5036448240280151,1.7670804262161255
1682933650544603600,4.668603759765625,-8.371296882629395,-1.458898901939392,1.3151928186416626
1682933650561483300,4.685483154296875,-7.822129249572754,-1.761888027191162,1.2276864051818848
1682933650578355000,4.70235498046875,-7.580379486083984,-1.7487545013427734,1.1725558042526245
1682933650595218400,4.719218505859375,-7.704232692718506,-1.4036155939102173,1.0389291048049927
1682933650612103000,4.73610302734375,-7.420332908630371,-1.5294538736343384,1.0144944190979004
1682933650628974000,4.75297412109375,-6.860016822814941,-1.9811886548995972,1.0960450172424316
1682933650645858800,4.76985888671875,-6.4052276611328125,-1.9077321290969849,1.239598274230957
1682933650662725400,4.786725341796875,-5.914092063903809,-1.4080443382263184,1.634369969367981
1682933650679586000,4.8035859375,-5.257869720458984,-0.9379835724830627,2.2091941833496094
1682933650696462300,4.82046240234375,-4.799263000488281,-0.6415612101554871,2.6540567874908447
1682933650713347600,4.83734765625,-5.154480934143066,-0.4570799171924591,2.5692992210388184
1682933650730221300,4.85422119140625,-5.126228332519531,-0.2646573781967163,1.2418889999389648
1682933650747087400,4.87108740234375,-2.643824815750122,0.20402899384498596,-0.7017314434051514
1682933650763970300,4.88797021484375,-0.926835298538208,0.8232936263084412,-2.651460647583008
1682933650780833500,4.90483349609375,-0.3692680299282074,0.9934195876121521,-3.3148603439331055
1682933650797708300,4.921708251953125,0.6606507897377014,1.1924089193344116,-2.9349019527435303
1682933650814581000,4.9385810546875,3.084258556365967,1.6212363243103027,-3.9843685626983643
1682933650831457500,4.95545751953125,5.957005023956299,1.4694362878799438,-4.589888572692871
1682933650848331300,4.972331298828125,8.184372901916504,0.6502660512924194,-2.8397598266601562
1682933650865205500,4.98920556640625,9.643118858337402,-0.25305092334747314,0.04382958263158798
1682933650882078700,5.00607861328125,10.892491340637207,-1.2370021343231201,2.501951217651367
1682933650898951000,5.022950927734375,11.030546188354492,-1.107040524482727,3.9710822105407715
1682933650915826700,5.03982666015625,9.89525318145752,-0.011301007121801376,4.392579078674316
1682933650932702700,5.05670263671875,9.115484237670898,0.8597928285598755,4.097836971282959
1682933650949574700,5.07357470703125,8.579144477844238,1.4756977558135986,3.4437527656555176
1682933650966454000,5.0904541015625,8.034710884094238,2.336406946182251,2.8736627101898193
1682933650983323400,5.107323486328125,7.591375350952148,3.489109516143799,2.5033257007598877
1682933651000196400,5.1241962890625,7.07030725479126,4.29835319519043,2.2484421730041504
1682933651017072600,5.14107275390625,6.557638168334961,4.439615726470947,1.9223929643630981
1682933651033943000,5.157943115234375,6.211583137512207,4.307669162750244,1.3855950832366943
1682933651050819300,5.1748193359375,6.118884563446045,4.233295917510986,0.4628831446170807
1682933651067693000,5.191693115234375,6.3719353675842285,4.324620723724365,-1.0396926403045654
1682933651084567300,5.2085673828125,6.885214805603027,4.5459065437316895,-2.440406560897827
1682933651101440300,5.225440185546875,7.330535888671875,4.644103050231934,-3.1957414150238037
1682933651118314200,5.242314208984375,7.32259464263916,4.504520416259766,-3.6745071411132812
1682933651135190300,5.259190185546875,7.167129039764404,4.153425693511963,-4.274529457092285
1682933651152073200,5.2760732421875,7.5304412841796875,3.922518491744995,-4.270406246185303
1682933651168948700,5.29294873046875,7.344432830810547,3.8429532051086426,-3.22200870513916
1682933651185821700,5.30982177734375,5.2471795082092285,3.5837936401367188,-3.2417092323303223
1682933651202695400,5.3266953125,3.257744312286377,2.163532018661499,-5.153717517852783
1682933651219579600,5.34357958984375,2.886032819747925,0.6097962260246277,-6.822906494140625
1682933651236445200,5.360445068359375,2.1784982681274414,1.3622294664382935,-6.372546195983887
1682933651253317600,5.377317626953125,0.39187005162239075,2.757598400115967,-4.29804801940918
1682933651270192000,5.394192138671875,-1.2432634830474854,1.8289304971694946,-0.8593347072601318
1682933651287066400,5.41106640625,-3.7201693058013916,0.28787025809288025,1.2776246070861816
1682933651303928800,5.4279287109375,-5.7580156326293945,-0.24984388053417206,2.637716054916382
1682933651320809700,5.444809814453125,-6.496399402618408,0.27977627515792847,3.0783026218414307
1682933651337688300,5.461688232421875,-6.819394111633301,1.3811663389205933,2.2626447677612305
1682933651354557400,5.478557373046875,-7.540978908538818,1.780824899673462,1.7658586502075195
1682933651371435500,5.495435546875,-8.688947677612305,1.0126618146896362,2.5279130935668945
1682933651388310500,5.512310546875,-9.672134399414062,-0.574976921081543,3.9267945289611816
1682933651405184000,5.52918408203125,-9.885173797607422,-1.8170186281204224,4.63112211227417
1682933651422059800,5.546059814453125,-9.776898384094238,-2.119091510772705,4.260785102844238
1682933651438929000,5.562928955078125,-9.607382774353027,-1.663691520690918,3.0256154537200928
1682933651455809500,5.5798095703125,-9.27507209777832,-1.2334896326065063,1.7269160747528076
1682933651472692000,5.59669189453125,-9.002473831176758,-0.9569203853607178,0.7628179788589478
1682933651489555200,5.61355517578125,-8.574715614318848,-0.9538660645484924,0.3576616048812866
1682933651506427000,5.630427001953125,-7.8483967781066895,-1.193477988243103,0.6189591884613037
1682933651523304700,5.6473046875,-7.562358856201172,-1.2078332901000977,0.8593347072601318
1682933651540177400,5.664177490234375,-7.6228346824646,-0.8487972617149353,0.6000223755836487
1682933651557051400,5.681051513671875,-7.712784767150879,-0.34605515003204346,0.04245513305068016
1682933651573924400,5.69792431640625,-7.618405818939209,-0.10170906037092209,-0.40194934606552124
1682933651590799600,5.714799560546875,-7.066489219665527,-0.31154128909111023,-0.3543018400669098
1682933651607673900,5.731673828125,-6.190966606140137,-0.5928447246551514,0.10903944820165634
1682933651624547800,5.7485478515625,-5.546961784362793,-0.5723807215690613,1.1068878173828125
1682933651641420800,5.7654208984375,-5.8221564292907715,0.18341228365898132,2.7346909046173096
1682933651658296300,5.78229638671875,-7.179957389831543,0.9222537875175476,4.214359283447266
1682933651675165400,5.79916552734375,-8.690627098083496,0.3700316250324249,4.713741779327393
1682933651692045800,5.8160458984375,-8.07701301574707,-1.2027937173843384,3.396868944168091
1682933651708916700,5.832916748046875,-4.481307506561279,-1.796554684638977,-0.1281289905309677
1682933651725792500,5.84979248046875,-0.1722639948129654,-0.2935207486152649,-2.434603452682495
1682933651742666800,5.866666748046875,2.78646183013916,0.7289149761199951,-2.738050699234009
1682933651759538000,5.883537841796875,4.343251705169678,0.8252789378166199,-3.0560061931610107
1682933651776416300,5.900416259765625,6.871928691864014,0.6440047025680542,-2.8900034427642822
1682933651793288700,5.917288818359375,9.51651668548584,0.603687584400177,-2.08274507522583
1682933651810162700,5.93416259765625,11.121259689331055,0.3805690407752991,-0.8681922554969788
1682933651827026400,5.9510263671875,10.716408729553223,0.12202033400535583,0.3153591752052307
1682933651843909000,5.9679091796875,9.229410171508789,-0.3407101035118103,1.6560556888580322
1682933651860786400,5.984786376953125,8.090757369995117,-0.6395758986473083,3.249955892562866
1682933651877655300,6.0016552734375,7.416209697723389,-0.43417248129844666,4.3035454750061035
1682933651894533600,6.01853369140625,7.308544635772705,0.16844609379768372,4.258188724517822
1682933651911406300,6.03540625,7.19370174407959,1.161560297012329,3.4428365230560303
1682933651928271000,6.05227099609375,6.569703102111816,2.060295820236206,2.3102922439575195
1682933651945155800,6.06915576171875,6.140264511108398,2.760958194732666,1.3238977193832397
1682933651962018800,6.086018798828125,6.011219501495361,3.1064023971557617,0.6331618428230286
1682933651978893300,6.102893310546875,6.031072616577148,3.2368221282958984,0.25503623485565186
1682933651995760600,6.1197607421875,6.17584753036499,3.21086049079895,-0.060933809727430344
1682933652012653800,6.13665380859375,6.308557987213135,3.2595770359039307,-0.6588181853294373
1682933652029512200,6.15351220703125,6.399118900299072,3.3144021034240723,-1.483791708946228
1682933652046393300,6.170393310546875,6.583600044250488,3.3899967670440674,-2.3298399448394775
1682933652063282200,6.1872822265625,6.977149963378906,3.531259298324585,-2.894432306289673
1682933652080150500,6.204150634765625,7.453472137451172,3.4377968311309814,-3.250108480453491
1682933652097023500,6.2210234375,7.626957893371582,3.0946433544158936,-3.324634075164795
1682933652113895700,6.237895751953125,7.291440486907959,3.4958291053771973,-3.137251138687134
1682933652130771000,6.25477099609375,6.4473772048950195,4.0071234703063965,-2.981175184249878
1682933652147645000,6.27164501953125,5.351484775543213,3.4214563369750977,-2.5926647186279297
1682933652164519200,6.288519287109375,4.31255578994751,1.8428276777267456,-3.090061902999878
1682933652181392100,6.30539208984375,3.643505811691284,1.6320792436599731,-5.021312236785889
1682933652198267400,6.322267333984375,3.1525228023529053,1.3464996814727783,-5.037805557250977
1682933652215141400,6.339141357421875,1.159727692604065,1.142012596130371,-3.634342670440674
1682933652232014000,6.35601416015625,-0.9065240025520325,0.5299255847930908,-1.3616186380386353
1682933652248890000,6.37289013671875,-3.2429308891296387,0.3510948121547699,0.6591235995292664
1682933652265763800,6.389763916015625,-5.605910301208496,1.361007809638977,2.2873849868774414
1682933652282635500,6.406635498046875,-6.5197649002075195,1.2060006856918335,4.0796637535095215
1682933652299509200,6.42350927734375,-6.755253314971924,0.7739662528038025,4.849048137664795
1682933652316376300,6.440376220703125,-7.320609092712402,0.6082690954208374,4.95167350769043
1682933652333247000,6.4572470703125,-8.254316329956055,0.006108652334660292,5.239543914794922
1682933652350137000,6.47413720703125,-9.020647048950195,-1.3712397813796997,5.486791610717773
1682933652367008800,6.4910087890625,-9.157633781433105,-2.923142910003662,5.28413724899292
1682933652383871500,6.50787158203125,-8.915120124816895,-3.8030943870544434,4.277736663818359
1682933652400754000,6.52475390625,-8.639314651489258,-3.71268630027771,2.7766878604888916
1682933652417633500,6.541633544921875,-8.177194595336914,-3.056617021560669,1.1769846677780151
1682933652434502400,6.55850244140625,-7.647421836853027,-2.3970351219177246,-0.15790866315364838
1682933652451380500,6.57538037109375,-7.035793304443359,-2.1058051586151123,-0.8636107444763184
1682933652468253700,6.592253662109375,-6.5894036293029785,-1.9004018306732178,-0.8964447379112244
1682933652485126700,6.609126708984375,-6.662859916687012,-1.7478381395339966,-0.5523748993873596
1682933652502001200,6.626001220703125,-6.870401382446289,-1.4054481983184814,-0.40591996908187866
1682933652518874400,6.642874267578125,-6.751435279846191,-1.0338894128799438,-0.5335907936096191
1682933652535749600,6.65974951171875,-6.333603382110596,-0.9392052888870239,-0.7498371005058289
1682933652552623900,6.676623779296875,-6.125604152679443,-0.8678867816925049,-0.9599747061729431
1682933652569497900,6.693497802734375,-6.143777370452881,-0.5677992701530457,-0.9115636348724365
1682933652586368800,6.71036865234375,-6.434548854827881,-0.03497203439474106,-0.13561208546161652
1682933652603236900,6.72723681640625,-6.923394203186035,0.23915374279022217,1.408349871635437
1682933652620121300,6.744121337890625,-7.164227485656738,0.3032945990562439,3.221703290939331
1682933652636984000,6.760984130859375,-7.114136695861816,0.47219884395599365,3.8902952671051025
1682933652653867500,6.777867431640625,-6.867652416229248,0.3523165285587311,2.4356725215911865
1682933652670742800,6.79474267578125,-5.174028396606445,0.4616613984107971,0.4680754840373993
1682933652687619800,6.811619873046875,-1.7289013862609863,0.1414152979850769,0.041691552847623825
1682933652704488400,6.828488525390625,1.295186996459961,0.31383201479911804,-0.05100724846124649
1682933652721361400,6.845361328125,3.2417092323303223,0.6281222105026245,-1.2909109592437744
1682933652738241800,6.86224169921875,5.312389373779297,0.6776022911071777,-1.9407188892364502
1682933652755110400,6.8791103515625,7.427968502044678,0.7429648637771606,-1.0629055500030518
1682933652771990500,6.895990478515625,8.96337890625,0.9885326623916626,0.3585779070854187
1682933652788860400,6.9128603515625,9.890824317932129,1.2672399282455444,1.613753318786621
1682933652805736000,6.92973583984375,9.482155799865723,1.6436856985092163,2.3148739337921143
1682933652822610000,6.94660986328125,8.119926452636719,1.6951510906219482,2.3716843128204346
1682933652839481300,6.9634814453125,7.266242027282715,1.6797267198562622,2.107485055923462
1682933652856359400,6.980359375,7.124063014984131,1.8842138051986694,1.6342172622680664
1682933652873222100,6.99722216796875,7.41926383972168,2.2605068683624268,0.837496280670166
1682933652890103600,7.014103515625,7.493025779724121,2.987589120864868,-0.08200865983963013
1682933652906983400,7.0309833984375,7.238295078277588,3.3286046981811523,-0.5158756971359253
1682933652923843300,7.04784326171875,6.864598274230957,3.235447883605957,-0.432645320892334
1682933652940729000,7.06472900390625,6.535799980163574,2.838996171951294,-0.21059578657150269
1682933652957604400,7.081604248046875,6.46768856048584,2.4159719944000244,-0.06444628536701202
1682933652974477000,7.09847705078125,6.636592864990234,2.217135429382324,-0.2845104932785034
1682933652991350300,7.115350341796875,7.042665481567383,2.291813611984253,-0.9789115786552429
1682933653008222700,7.13222265625,7.370089054107666,2.45980167388916,-2.0033326148986816
1682933653025102300,7.149102294921875,7.615962505340576,2.744464874267578,-2.821892023086548
1682933653041975600,7.1659755859375,7.972402095794678,3.182760715484619,-3.299894094467163
1682933653058845000,7.182844970703125,7.973776817321777,3.872274875640869,-3.4064900875091553
1682933653075722000,7.199721923828125,7.338171482086182,3.9907827377319336,-2.9093985557556152
1682933653092596000,7.216595947265625,6.1121649742126465,2.805551290512085,-2.101834535598755
1682933653109459500,7.23345947265625,4.8003315925598145,0.8161159753799438,-1.8277088403701782
1682933653126343400,7.250343505859375,3.9073996543884277,0.475253164768219,-3.523165225982666
1682933653143218700,7.26721875,3.045315980911255,1.5865697860717773,-5.686544418334961
1682933653160082000,7.28408203125,1.2209669351577759,2.116189956665039,-5.232519149780273
1682933653176967000,7.300966796875,-0.5783366560935974,1.4269812107086182,-2.931389570236206
1682933653193839900,7.31783984375,-2.409710645675659,0.8206974864006042,-0.574976921081543
1682933653210726000,7.334725830078125,-4.244444370269775,1.3472633361816406,1.321912407875061
1682933653227589000,7.351589111328125,-5.754655838012695,1.6560556888580322,3.0366110801696777
1682933653244454000,7.368453857421875,-6.854977130889893,0.9659306406974792,4.054312705993652
1682933653261352200,7.385352294921875,-7.654294013977051,-0.40393465757369995,5.097517967224121
1682933653278209300,7.402209228515625,-8.691238403320312,-1.7241671085357666,6.294813632965088
1682933653295085800,7.4190859375,-9.640828132629395,-2.403602123260498,6.400340557098389
1682933653311952600,7.43595263671875,-9.852951049804688,-3.0329458713531494,5.564676761627197
1682933653328831200,7.452831298828125,-9.467952728271484,-3.238196611404419,4.323856830596924
1682933653345709600,7.46970947265625,-8.922908782958984,-3.1085405349731445,2.9439122676849365
1682933653362582300,7.486582275390625,-8.311738014221191,-3.0972394943237305,1.4492777585983276
1682933653379453700,7.50345361328125,-7.756003379821777,-3.1557297706604004,0.3168863356113434
1682933653396332300,7.520332275390625,-7.516696929931641,-2.871983051300049,-0.5754350423812866
1682933653413186000,7.53718603515625,-7.612907886505127,-2.36206316947937,-1.154077172279358
1682933653430078700,7.55407861328125,-7.576561450958252,-1.5601497888565063,-1.4037683010101318
1682933653446953000,7.570952880859375,-7.347181797027588,-0.9819658994674683,-1.4085025787353516
1682933653463815700,7.587815673828125,-7.1255903244018555,-1.0485502481460571,-1.288162112236023
1682933653480701400,7.604701416015625,-7.033655166625977,-1.3287845849990845,-1.2153164148330688
1682933653497575400,7.621575439453125,-7.015634536743164,-1.2252429723739624,-1.1482739448547363
1682933653514449700,7.63844970703125,-6.905678749084473,-0.7545713186264038,-0.8228355050086975
1682933653531312600,7.655312744140625,-6.76456880569458,-0.22968533635139465,-0.168751522898674
1682933653548198000,7.672197998046875,-6.594901084899902,0.18325957655906677,1.01617431640625
1682933653565054000,7.689053955078125,-7.311598777770996,0.521984338760376,2.383596181869507
1682933653581946000,7.705946044921875,-8.362133979797363,0.5331326723098755,2.8119654655456543
1682933653598819300,7.7228193359375,-6.751588344573975,-0.16249015927314758,1.4136948585510254
1682933653615691800,7.73969189453125,-3.595705509185791,-0.5181664228439331,-1.5238033533096313
1682933653632571400,7.7565712890625,-0.9995282292366028,0.3675881624221802,-3.6725218296051025
1682933653649440300,7.773440185546875,1.3848315477371216,0.6247624158859253,-3.483764410018921
1682933653666306000,7.79030615234375,4.172973155975342,0.28588494658470154,-2.280512571334839
1682933653683176200,7.80717626953125,7.081760883331299,0.2796235680580139,-0.8943067193031311
1682933653700067800,7.82406787109375,9.426567077636719,0.4534147381782532,0.14065171778202057
1682933653716939500,7.840939453125,10.925477981567383,0.6707300543785095,0.8761335015296936
1682933653733812700,7.857812744140625,11.344683647155762,0.7571674585342407,1.4265230894088745
1682933653750687700,7.874687744140625,10.440908432006836,0.9242390990257263,1.856572151184082
1682933653767562000,7.89156201171875,9.031795501708984,1.037249207496643,2.3779456615448
1682933653784426000,7.908426025390625,7.828543663024902,0.9295842051506042,2.707965612411499
1682933653801309000,7.925308837890625,7.334200859069824,0.9992228150367737,2.587777853012085
1682933653818173700,7.942173583984375,7.440644264221191,1.1049025058746338,2.152841806411743
1682933653835054300,7.959054443359375,7.8596978187561035,1.5836681127548218,1.718058466911316
1682933653851922200,7.975922119140625,8.280583381652832,2.2232439517974854,1.379333734512329
1682933653868806000,7.992805908203125,8.594110488891602,2.6697864532470703,1.1171197891235352
1682933653885677800,8.009677734375,9.091049194335938,2.7227790355682373,0.9996809959411621
1682933653902557200,8.02655712890625,9.450848579406738,2.3385448455810547,0.8733845949172974
1682933653919429400,8.043429443359376,8.498662948608398,2.2682952880859375,0.33276882767677307
1682933653936302800,8.060302734375,7.70805025100708,2.5830435752868652,-0.5584835410118103
1682933653953180000,8.077179931640625,8.027227401733398,2.833040237426758,-1.250288486480713
1682933653970053600,8.0940537109375,8.610450744628906,3.162602186203003,-1.2875511646270752
1682933653986924300,8.11092431640625,8.565857887268066,3.397021532058716,-1.3419182300567627
1682933654003788800,8.127788818359376,7.402617931365967,4.1609086990356445,-2.004401683807373
1682933654020674300,8.14467431640625,6.203031063079834,3.8893790245056152,-2.5920538902282715
1682933654037548300,8.16154833984375,5.2801666259765625,3.537673234939575,-2.1794145107269287
1682933654054422500,8.178422607421876,4.072180271148682,3.249497652053833,-2.4607179164886475
1682933654071295700,8.195295654296874,2.9468140602111816,2.33365797996521,-4.096767902374268
1682933654088171300,8.212171142578125,1.8316794633865356,1.7707456350326538,-4.547586441040039
1682933654105045500,8.22904541015625,-0.34987306594848633,1.8828394412994385,-3.7667477130889893
1682933654121919700,8.245919677734374,-1.673465371131897,1.6161967515945435,-1.996307611465454
1682933654138792200,8.262792236328124,-3.4747543334960938,0.9816604256629944,0.19257527589797974
1682933654155667500,8.27966748046875,-5.831319808959961,1.0471757650375366,2.211484909057617
1682933654172551400,8.296551513671876,-7.5330376625061035,1.6172657012939453,3.2670600414276123
1682933654189413400,8.313413330078125,-8.067697525024414,1.7600555419921875,3.0914363861083984
1682933654206281500,8.330281494140625,-8.346098899841309,1.1187996864318848,3.1470251083374023
1682933654223164400,8.347164306640625,-8.982620239257812,-0.35582900047302246,3.8646390438079834
1682933654240039000,8.364038818359376,-9.989785194396973,-2.026240110397339,4.710076332092285
1682933654256900900,8.38090087890625,-10.522611618041992,-3.3815972805023193,4.650822639465332
1682933654273778000,8.39777783203125,-10.14525032043457,-4.0071234703063965,3.5550830364227295
1682933654290647800,8.414647705078124,-9.203753471374512,-3.8198931217193604,1.8828394412994385
1682933654307535600,8.43153564453125,-8.276460647583008,-2.8820621967315674,0.18616119027137756
1682933654324399400,8.4483994140625,-7.607257843017578,-1.7479908466339111,-1.041067123413086
1682933654341273300,8.4652734375,-7.443393230438232,-0.9950994849205017,-1.3837624788284302
1682933654358151000,8.48215087890625,-7.448585510253906,-0.9242390990257263,-0.9888381361961365
1682933654375022300,8.499022216796876,-7.222412586212158,-1.0680978298187256,-0.5297728776931763
1682933654391895800,8.515895751953124,-6.8131327629089355,-1.0881037712097168,-0.41202861070632935
1682933654408769000,8.53276904296875,-6.714019775390625,-0.7848091125488281,-0.6890559792518616
1682933654425646600,8.549646484375,-7.0951995849609375,-0.23808473348617554,-1.21974515914917
1682933654442523000,8.56652294921875,-7.219052791595459,0.285121351480484,-1.3393220901489258
1682933654459392300,8.583392333984374,-6.96172571182251,0.3585779070854187,-0.8523097038269043
1682933654476267000,8.60026708984375,-6.767012596130371,0.4951062798500061,0.3306308090686798
1682933654493144000,8.61714404296875,-7.217678070068359,1.2281445264816284,2.1390974521636963
1682933654510014700,8.6340146484375,-8.267755508422852,1.7292068004608154,3.651447057723999
1682933654526889200,8.65088916015625,-8.4526948928833,0.347276896238327,3.941149950027466
1682933654543762000,8.667761962890625,-7.110776901245117,-1.4191926717758179,2.7142269611358643
1682933654560638200,8.68463818359375,-4.564079761505127,-1.238223910331726,0.11957687139511108
1682933654577513200,8.70151318359375,-1.4262176752090454,-0.3147483170032501,-1.8527542352676392
1682933654594386200,8.71838623046875,1.4540120363235474,0.5926920175552368,-2.861445426940918
1682933654611259400,8.73525927734375,3.458871841430664,1.130406141281128,-3.665802240371704
1682933654628136200,8.75213623046875,5.097975730895996,0.9564622640609741,-3.7693440914154053
1682933654645009700,8.769009765625,6.842301845550537,0.432645320892334,-2.2261457443237305
1682933654661884200,8.78588427734375,8.629693031311035,0.07696902006864548,0.20555615425109863
1682933654678755600,8.802755615234375,9.88410472869873,0.03680463135242462,2.2003366947174072
1682933654695644000,8.819643798828125,10.186178207397461,0.3430008292198181,3.0558533668518066
1682933654712515600,8.836515625,9.599136352539062,0.7837401032447815,3.0408871173858643
1682933654729387000,8.853386962890625,8.721475601196289,1.1551461219787598,2.8035659790039062
1682933654746265300,8.870265380859376,8.432536125183105,1.4381295442581177,2.52302622795105
1682933654763127600,8.88712744140625,8.355720520019531,1.9083430767059326,2.213470220565796
1682933654780012300,8.90401220703125,8.102210998535156,2.447736978530884,2.1222984790802
1682933654796886300,8.92088623046875,7.754934310913086,2.7844765186309814,2.258216142654419
1682933654813759700,8.937759765625,7.164380073547363,2.6988027095794678,2.1867449283599854
1682933654830635000,8.954635009765624,6.693403244018555,2.342210054397583,1.6847662925720215
1682933654847498500,8.97149853515625,6.607729434967041,2.0900754928588867,0.9456194043159485
1682933654864383500,8.988383544921875,6.741814136505127,2.150092840194702,0.17348572611808777
1682933654881257200,9.00525732421875,6.933014869689941,2.6146559715270996,-0.6163630485534668
1682933654898127000,9.022127197265625,7.122994422912598,3.2165110111236572,-1.4509576559066772
1682933654915010300,9.03901025390625,7.279833793640137,3.6690094470977783,-2.1461222171783447
1682933654931880200,9.055880126953125,7.543422222137451,3.8342485427856445,-2.7992899417877197
1682933654948753400,9.07275341796875,7.603592395782471,3.6613736152648926,-3.5851681232452393
1682933654965628400,9.08962841796875,7.370394706726074,3.7090210914611816,-4.140597343444824
1682933654982502400,9.10650244140625,7.151704788208008,3.9400808811187744,-3.886324644088745
1682933654999374300,9.123374267578125,6.327800273895264,3.7307066917419434,-3.988492012023926
1682933655016249300,9.140249267578126,4.789336204528809,3.202461004257202,-5.217094421386719
1682933655033127700,9.157127685546875,3.319288969039917,2.4324653148651123,-6.4499735832214355
1682933655050001400,9.17400146484375,2.5983152389526367,1.6528486013412476,-6.855435371398926
1682933655066868700,9.19086865234375,1.1352930068969727,1.0535898208618164,-6.056118011474609
1682933655083739100,9.2077392578125,-0.06520986557006836,1.0923798084259033,-4.304156303405762
1682933655100617700,9.22461767578125,-2.032806873321533,1.695914626121521,-1.919033169746399
1682933655117493500,9.241493408203125,-4.659832954406738,2.8576276302337646,0.48288896679878235
1682933655134372900,9.258372802734375,-5.880188941955566,2.806009531021118,2.836705446243286
1682933655151243500,9.275243408203124,-6.415764808654785,1.9793561697006226,4.819726943969727
1682933655168105700,9.292105712890624,-7.353901386260986,1.017396092414856,6.487846851348877
1682933655184995600,9.30899560546875,-8.792030334472656,-0.07208210229873657,7.856338024139404
1682933655201867300,9.3258671875,-9.964128494262695,-1.0702359676361084,8.202698707580566
1682933655218737700,9.342737548828126,-10.231228828430176,-1.98500657081604,7.091534614562988
1682933655235618000,9.3596181640625,-9.589362144470215,-2.4695754051208496,5.26077127456665
1682933655252489700,9.37648974609375,-8.751102447509766,-2.364353895187378,3.2142202854156494
1682933655269361400,9.393361328125,-8.109389305114746,-1.8825340270996094,1.3319916725158691
1682933655286238200,9.41023828125,-7.504021167755127,-1.5225815773010254,-0.010690141469240189
1682933655303114000,9.427114013671876,-6.86093282699585,-1.4324790239334106,-0.716697633266449
1682933655319983000,9.443983154296875,-6.468299388885498,-1.4482088088989258,-0.9046914577484131
1682933655336863700,9.46086376953125,-6.305351257324219,-1.5460999011993408,-0.846659243106842
1682933655353734000,9.47773388671875,-6.439435958862305,-1.337336778640747,-0.8468119502067566
1682933655370609200,9.494609130859375,-6.741661548614502,-0.7144069075584412,-1.069472312927246
1682933655387483400,9.5114833984375,-6.748991966247559,-0.09193521738052368,-1.2044734954833984
1682933655404358000,9.52835791015625,-6.574284553527832,-0.04566217586398125,-0.9717338681221008
1682933655421230600,9.545230712890625,-6.3242878913879395,-0.3917173445224762,-0.2402227520942688
1682933655438105600,9.562105712890625,-6.165462970733643,-0.7441865801811218,0.8150469660758972
1682933655454972000,9.578971923828124,-6.4113359451293945,-0.821461021900177,1.9909625053405762
1682933655471854000,9.59585400390625,-7.426594257354736,-0.3078760802745819,3.1196887493133545
1682933655488727600,9.6127275390625,-8.72284984588623,-0.1293507218360901,3.321579694747925
1682933655505601800,9.629601806640625,-9.577908515930176,-0.5375614166259766,2.0508272647857666
1682933655522475500,9.6464755859375,-8.27920913696289,-1.1259773969650269,0.2076941877603531
1682933655539354600,9.663354736328126,-3.338378667831421,-1.813048005104065,-0.2808452844619751
1682933655556223500,9.680223388671875,1.5251778364181519,-0.9882272481918335,0.12110403180122375
1682933655573099500,9.697099609375,4.390594005584717,1.1604912281036377,-1.2646437883377075
1682933655589973800,9.713973876953125,6.249609470367432,2.5271494388580322,-2.970484972000122
1682933655606848000,9.730847900390625,7.948425769805908,2.5694520473480225,-3.0254628658294678
1682933655623710500,9.74771044921875,9.381057739257812,1.531133770942688,-0.6878342628479004
1682933655640597800,9.76459765625,10.272615432739258,0.732122004032135,1.9611828327178955
1682933655657469400,9.781469482421874,9.679312705993652,0.6860016584396362,3.5547776222229004
1682933655674334200,9.798334228515625,7.998669624328613,1.0674870014190674,4.0101776123046875
1682933655691218200,9.81521826171875,6.717837810516357,1.2976305484771729,3.972609519958496
1682933655708093200,9.83209326171875,6.2543439865112305,1.4871513843536377,3.5778377056121826
1682933655724967400,9.848967529296875,6.267171859741211,1.705383062362671,2.87503719329834
1682933655741848800,9.865848876953125,6.424927711486816,2.074345588684082,2.175291061401367
1682933655758715000,9.88271484375,6.675535202026367,2.2406537532806396,1.6377297639846802
1682933655775590000,9.89958984375,6.696152210235596,2.473240613937378,1.0934487581253052
1682933655792463000,9.916463134765625,6.599177360534668,2.777604341506958,0.5525276064872742
1682933655809335300,9.933335205078125,6.6233062744140625,2.9570460319519043,0.0705549344420433
1682933655826212900,9.950212890625,6.763652801513672,2.979037046432495,-0.35323283076286316
1682933655843089700,9.967089599609375,6.872692108154297,2.9911017417907715,-0.6212499737739563
1682933655859960800,9.9839609375,6.841232776641846,3.221856117248535,-0.902247965335846
1682933655876835300,10.00083544921875,6.8354291915893555,3.3828189373016357,-1.2319624423980713
1682933655893708500,10.01770849609375,6.896974086761475,3.4935383796691895,-1.4466816186904907
1682933655910583600,10.03458349609375,6.956533432006836,3.7288742065429688,-1.4720325469970703
1682933655927457800,10.051457763671875,6.807787895202637,3.4497087001800537,-0.9024006724357605
1682933655944332300,10.068332275390626,6.169127941131592,2.3797783851623535,-0.33368512988090515
1682933655961205200,10.085205322265624,6.182414531707764,1.645671010017395,-0.09498954564332962
1682933655978080500,10.10208056640625,6.644381046295166,1.322981357574463,0.45433104038238525
1682933655994954800,10.118954833984375,6.323829650878906,2.9967522621154785,1.2301298379898071
1682933656011829200,10.135829345703126,4.386775970458984,3.9658899307250977,1.560760736465454
1682933656028691700,10.152691650390626,3.0133981704711914,2.8761062622070312,1.9927951097488403
1682933656045577200,10.1695771484375,2.8655688762664795,1.1099421977996826,2.323273181915283
1682933656062438100,10.186438232421875,2.34480619430542,0.30283644795417786,2.4666738510131836
1682933656079325700,10.20332568359375,1.288162112236023,0.8358163833618164,2.5699100494384766
1682933656096201000,10.220200927734375,0.2480112910270691,1.8519906997680664,2.568230152130127
1682933656113071600,10.237071533203125,-0.47769662737846375,2.5718953609466553,2.683378219604492
1682933656129951200,10.253951171875,-0.7619016766548157,2.677727699279785,3.1502320766448975
1682933656146822400,10.270822509765624,-0.7860308289527893,0.9269880056381226,4.5906524658203125
1682933656163685400,10.287685302734374,-1.1788171529769897,-1.5570955276489258,5.323385238647461
1682933656180569300,10.3045693359375,-1.3758212327957153,-3.4771976470947266,5.768553256988525
1682933656197443000,10.321443115234375,-1.4369077682495117,-3.4387130737304688,4.930751323699951
1682933656214324000,10.338323974609375,-1.448819637298584,-2.621222734451294,4.380209445953369
1682933656231193000,10.355193115234375,-1.503339409828186,-2.1035144329071045,4.396855354309082
1682933656248065000,10.37206494140625,-1.560455322265625,-1.5354098081588745,4.579962253570557
1682933656264945200,10.388945068359375,-1.5202908515930176,-1.1916453838348389,4.7080912590026855
1682933656281816000,10.405816162109375,-1.5676329135894775,-1.0519099235534668,4.5573601722717285
1682933656298689500,10.422689453125,-1.7857118844985962,-0.8087855577468872,3.8823540210723877
1682933656315561200,10.439561279296875,-2.0609066486358643,-0.35216382145881653,2.7015514373779297
1682933656332443000,10.45644287109375,-2.0306687355041504,0.07819075137376785,1.500590443611145
1682933656349310700,10.473310791015624,-1.563051462173462,0.2768746614456177,0.47219884395599365
1682933656366189000,10.49018896484375,-0.9622654914855957,0.3556762933731079,-0.3842342495918274
1682933656383067400,10.5070673828125,-0.5115996599197388,0.2718350291252136,-1.1916453838348389
1682933656399933200,10.52393310546875,-0.5673410892486572,0.4075998365879059,-1.8070920705795288
1682933656416804000,10.54080419921875,-1.1273517608642578,0.9207266569137573,-2.2064452171325684
1682933656433679400,10.557679443359374,-1.7472273111343384,1.7325665950775146,-2.536923408508301
1682933656450562800,10.574562744140625,-1.8976528644561768,2.89229416847229,-3.260798692703247
1682933656467432200,10.59143212890625,-1.7458528280258179,4.288121223449707,-4.100738525390625
1682933656484293400,10.60829345703125,-1.485318899154663,5.592318534851074,-4.3534836769104
1682933656501180000,10.625179931640625,-1.108567714691162,6.348264217376709,-3.8964040279388428
1682933656518055400,10.642055419921874,-0.7831292152404785,6.825350284576416,-3.199559450149536
1682933656534930000,10.658929931640625,-0.5056437253952026,7.00234842300415,-2.8454103469848633
1682933656551803600,10.6758037109375,-0.23151792585849762,6.601315498352051,-2.666579484939575
1682933656568677000,10.692677001953125,0.06185010448098183,6.111095905303955,-2.339003086090088
1682933656585552600,10.709552734375,0.20341812074184418,5.561775207519531,-2.1230621337890625
1682933656602426400,10.72642626953125,0.20723603665828705,4.903110027313232,-1.9248363971710205
1682933656619298300,10.74329833984375,0.2790127098560333,4.182594299316406,-1.6759088039398193
1682933656636176600,10.7601767578125,0.24342979490756989,3.640451431274414,-1.345278024673462
1682933656653049300,10.77704931640625,0.0757472887635231,2.9775099754333496,-1.0554224252700806
1682933656669930800,10.7939306640625,0.028405234217643738,1.9979875087738037,-0.7867944240570068
1682933656686800600,10.810800537109374,0.0959058403968811,1.5522085428237915,-0.5345070958137512
1682933656703660500,10.82766064453125,0.33689218759536743,1.25761878490448,-0.3465133011341095
1682933656720546000,10.844546142578125,0.5102251768112183,0.8174903988838196,-0.17959438264369965
1682933656737409800,10.861409912109375,0.542142927646637,0.37171149253845215,0.04489859566092491
1682933656754294300,10.878294189453126,0.44058656692504883,-0.01618792861700058,0.2952006161212921
1682933656771168000,10.89516796875,0.3043636083602905,-0.26145032048225403,0.5723807215690613
1682933656788043300,10.912043212890625,0.21365012228488922,-0.6140722632408142,0.7625125646591187
1682933656804917200,10.928917236328125,0.20173825323581696,-0.8710938692092896,0.746019184589386
1682933656821791500,10.94579150390625,0.23900102078914642,-0.8530732989311218,0.5732970237731934
1682933656838664700,10.962664794921874,0.20112738013267517,-0.6418666839599609,0.4381431043148041
1682933656855530000,10.979530029296875,0.04612032696604729,-0.5412266254425049,0.4778493344783783
1682933656872400600,10.996400634765624,-0.13698652386665344,-0.6374378800392151,0.5502368807792664
1682933656889288200,11.0132880859375,-0.16233743727207184,-0.9257662892341614,0.4980078935623169
1682933656906153000,11.030153076171874,-0.0705549344420433,-0.9103419184684753,0.34956762194633484
1682933656923034400,11.047034423828125,-0.08704829961061478,-0.8101600408554077,0.1869247704744339
1682933656939914000,11.0639140625,-0.19608774781227112,-0.5981897711753845,-0.008399397134780884
1682933656956785700,11.08078564453125,-0.3576616048812866,-0.4158465266227722,-0.17959438264369965
1682933656973662200,11.097662109375,-0.48579058051109314,-0.3627012372016907,-0.3019201457500458
1682933656990532900,11.114532958984375,-0.5516113042831421,-0.4124867618083954,-0.5262604355812073
1682933657007408000,11.131408203125,-0.6337726712226868,-0.22281309962272644,-0.8249735236167908
1682933657024282000,11.1482822265625,-0.8035932183265686,0.07422012835741043,-0.7312057018280029
1682933657041155300,11.1651552734375,-0.9085093140602112,0.365755558013916,-0.44745880365371704
1682933657058030600,11.182030517578125,-0.8651378750801086,0.7631233930587769,-0.33597588539123535
1682933657074902300,11.19890234375,-0.7739662528038025,0.7212791442871094,-0.28985556960105896
1682933657091776800,11.21577685546875,-0.7002043128013611,0.41523563861846924,-0.07788532227277756
1682933657108641000,11.23264111328125,-0.6090326309204102,0.1319468915462494,0.21930062770843506
1682933657125530400,11.2495302734375,-0.5103778839111328,0.12828169763088226,0.5366451144218445
1682933657142401800,11.26640185546875,-0.3959933817386627,0.2845104932785034,0.6701191663742065
1682933657159273500,11.2832734375,-0.26511552929878235,0.3549126982688904,0.5864306092262268
1682933657176152000,11.300152099609376,-0.1927279829978943,0.42531493306159973,0.4466952085494995
1682933657193024500,11.3170244140625,-0.26251932978630066,0.5115996599197388,0.35246923565864563
1682933657209898800,11.333898681640624,-0.3579670190811157,0.6185010671615601,0.2535090744495392
1682933657226772500,11.3507724609375,-0.3390302062034607,0.675006091594696,0.16768251359462738
1682933657243635700,11.3676357421875,-0.2790127098560333,0.7496843934059143,0.12965615093708038
1682933657260521500,11.384521484375,-0.2834414839744568,0.7576256394386292,0.20112738013267517
1682933657277395700,11.401395751953125,-0.34208452701568604,0.5723807215690613,0.24404066801071167
1682933657294270200,11.418270263671875,-0.3799581825733185,0.3246748745441437,0.25793784856796265
1682933657311143200,11.43514306640625,-0.37522396445274353,0.011301007121801376,0.20494529604911804
1682933657328018400,11.452018310546874,-0.3153591752052307,-0.3799581825733185,0.07559457421302795
1682933657344880400,11.46888037109375,-0.20433442294597626,-0.6507241725921631,0.01771509274840355
1682933657361766400,11.485766357421875,-0.1137736514210701,-0.688903272151947,0.058337632566690445
1682933657378640600,11.502640625,-0.1014036312699318,-0.24633140861988068,0.04001167416572571
1682933657395515600,11.519515625,-0.10155634582042694,0.16249015927314758,-0.18417587876319885
1682933657412390000,11.536389892578125,-0.08429940044879913,0.38499781489372253,-0.4694499373435974
1682933657429260500,11.553260498046875,-0.03756821155548096,0.41920626163482666,-0.622013509273529
1682933657446140400,11.570140380859375,-0.09086620807647705,0.342695415019989,-0.48808133602142334
1682933657463002600,11.587002685546874,-0.20922134816646576,0.14019356667995453,-0.14263702929019928
1682933657479884300,11.60388427734375,-0.2958115041255951,0.08460483700037003,0.1388191282749176
1682933657496763600,11.620763671875,-0.22143864631652832,0.09743300825357437,0.23915374279022217
1682933657513623600,11.63762353515625,-0.10445795953273773,-0.017867809161543846,0.3433062732219696
1682933657530505500,11.65450537109375,-0.08796459436416626,-0.03741549700498581,0.47571131587028503
1682933657547387600,11.6713876953125,-0.17104226350784302,0.025045474991202354,0.3828597962856293
1682933657564258000,11.688258056640626,-0.21502456068992615,-0.01817324012517929,0.17898350954055786
1682933657581129000,11.70512890625,-0.2402227520942688,-0.16401731967926025,0.03329215571284294
1682933657598006300,11.72200634765625,-0.2626720666885376,-0.25534167885780334,0.02779436856508255
1682933657614880800,11.738880859375,-0.1693623960018158,-0.3530801236629486,0.1059851199388504
1682933657631754800,11.755754638671876,0.07864890247583389,-0.4411974251270294,0.2021963894367218
1682933657648628000,11.7726279296875,0.36361753940582275,-0.3712533414363861,0.23197607696056366
1682933657665515000,11.789514892578126,0.5021312236785889,-0.2096794992685318,0.19089539349079132
1682933657682377200,11.806377197265626,0.41493022441864014,-0.04245513305068016,0.1866193264722824
1682933657699249200,11.823249267578126,0.2893974184989929,0.014508049935102463,0.22189679741859436
1682933657716131000,11.840131103515626,0.3223841190338135,0.09987647086381912,0.2638937830924988
1682933657732994600,11.85699462890625,0.41722095012664795,0.18814650177955627,0.23945917189121246
1682933657749865000,11.873864990234376,0.41523563861846924,0.10201449692249298,0.055741455405950546
1682933657766752300,11.890752197265625,0.3536909818649292,-0.1722639948129654,-0.2750420868396759
1682933657783609300,11.907609375,0.37950003147125244,-0.5268712639808655,-0.47540587186813354
1682933657800499700,11.924499755859374,0.5129740834236145,-0.4518875777721405,-0.4043927788734436
1682933657817362000,11.94136181640625,0.4404338300228119,0.14278975129127502,-0.21288654208183289
1682933657834233600,11.958233642578126,0.2926044464111328,0.6345362663269043,-0.01542434748262167
1682933657851108900,11.97510888671875,0.3058907687664032,0.8319984674453735,0.10522153973579407
1682933657867985400,11.9919853515625,0.35094207525253296,0.7799221873283386,0.2142609804868698
1682933657884859600,12.008859619140624,0.498924195766449,0.3926336467266083,0.13927727937698364
1682933657901733600,12.025733642578125,0.29367345571517944,0.12599095702171326,0.16523905098438263
1682933657918605600,12.04260546875,0.07070764899253845,0.0555887371301651,0.24037547409534454
1682933657935489800,12.05948974609375,0.04764748737215996,0.04505131021142006,0.029932396486401558
1682933657952354600,12.0763544921875,0.18936823308467865,0.18906278908252716,-0.08292495459318161
1682933657969231000,12.093231201171875,0.3309362530708313,0.12797626852989197,-0.10201449692249298
1682933657986102500,12.1101025390625,0.308792382478714,0.08307767659425735,-0.03741549700498581
1682933658002979300,12.126979248046876,0.2393064647912979,0.08552113175392151,-0.10583240538835526
1682933658019852500,12.1438525390625,0.18356500566005707,0.23319780826568604,-0.37262779474258423
1682933658036726300,12.160726318359375,0.2116648107767105,0.24129177629947662,-0.4830417037010193
1682933658053599500,12.177599609375,0.3407101035118103,0.06765332818031311,-0.34116822481155396
1682933658070477600,12.1944775390625,0.5090034604072571,-0.08231408894062042,-0.46899178624153137
1682933658087349800,12.211349853515625,0.6346889734268188,-0.012675453908741474,-0.7483099102973938
1682933658104223700,12.2282236328125,0.6212499737739563,0.22617286443710327,-0.6627888083457947
1682933658121097500,12.245097412109375,0.47510045766830444,0.30024027824401855,-0.38698312640190125
1682933658137965800,12.2619658203125,0.34574973583221436,0.2782491147518158,-0.19792033731937408
1682933658154847500,12.278847412109375,0.3419318199157715,0.16142113506793976,-0.052839845418930054
1682933658171722200,12.29572216796875,0.32620203495025635,-0.027641652151942253,-0.07498370856046677
1682933658188594200,12.31259423828125,0.24236078560352325,-0.02321287989616394,-0.2073887437582016
